ImageId,metric,namespace,parser,path1,period,region,sca:ingestTime,session,statistic,unit,value,message
ami-018d291ca9ffc002f,CPUUtilization,AWS/EC2,demo2,CPUUtilization,5,us-west-1,1679253407,,Average,Percent,21.951666666666664,"{""period"":5,""statistic"":""Average"",""logfile"":""cloudwatch"",""source"":""cloudwatch"",""serverHost"":""cloudwatch-us-west-1"",""unit"":""Percent"",""path1"":""CPUUtilization"",""metric"":""CPUUtilization"",""ImageId"":""ami-018d291ca9ffc002f"",""namespace"":""AWS\/EC2"",""region"":""us-west-1"",""value"":21.951666666666664,""timestamp"":""2023-03-19T17:45:00.000Z""}"
ami-018d291ca9ffc002f,CPUUtilization,AWS/EC2,,CPUUtilization,5,us-west-1,,,Average,Percent,21.951666666666664,
ami-018d291ca9ffc002f,CPUUtilization,AWS/EC2,demo2,CPUUtilization,5,us-west-1,1679253767,,Average,Percent,22.03666666666667,"{""period"":5,""statistic"":""Average"",""logfile"":""cloudwatch"",""source"":""cloudwatch"",""serverHost"":""cloudwatch-us-west-1"",""unit"":""Percent"",""path1"":""CPUUtilization"",""metric"":""CPUUtilization"",""ImageId"":""ami-018d291ca9ffc002f"",""namespace"":""AWS\/EC2"",""region"":""us-west-1"",""value"":22.03666666666667,""timestamp"":""2023-03-19T17:50:00.000Z""}"
ami-018d291ca9ffc002f,CPUUtilization,AWS/EC2,,CPUUtilization,5,us-west-1,,,Average,Percent,22.03666666666667,
ami-018d291ca9ffc002f,CPUUtilization,AWS/EC2,demo2,CPUUtilization,5,us-west-1,1679254307,,Average,Percent,21.57,"{""period"":5,""statistic"":""Average"",""logfile"":""cloudwatch"",""source"":""cloudwatch"",""serverHost"":""cloudwatch-us-west-1"",""unit"":""Percent"",""path1"":""CPUUtilization"",""metric"":""CPUUtilization"",""ImageId"":""ami-018d291ca9ffc002f"",""namespace"":""AWS\/EC2"",""region"":""us-west-1"",""value"":21.57,""timestamp"":""2023-03-19T17:55:00.000Z""}"
ami-018d291ca9ffc002f,CPUUtilization,AWS/EC2,,CPUUtilization,5,us-west-1,,,Average,Percent,21.57,
ami-018d291ca9ffc002f,CPUUtilization,AWS/EC2,demo2,CPUUtilization,5,us-west-1,1679254907,,Average,Percent,22.380000000000003,"{""period"":5,""statistic"":""Average"",""logfile"":""cloudwatch"",""source"":""cloudwatch"",""serverHost"":""cloudwatch-us-west-1"",""unit"":""Percent"",""path1"":""CPUUtilization"",""metric"":""CPUUtilization"",""ImageId"":""ami-018d291ca9ffc002f"",""namespace"":""AWS\/EC2"",""region"":""us-west-1"",""value"":22.380000000000003,""timestamp"":""2023-03-19T18:00:00.000Z""}"
ami-018d291ca9ffc002f,CPUUtilization,AWS/EC2,,CPUUtilization,5,us-west-1,,,Average,Percent,22.380000000000003,
ami-018d291ca9ffc002f,CPUUtilization,AWS/EC2,demo2,CPUUtilization,5,us-west-1,1679254007,,Average,Percent,21.681666666666665,"{""period"":5,""statistic"":""Average"",""logfile"":""cloudwatch"",""source"":""cloudwatch"",""serverHost"":""cloudwatch-us-west-1"",""unit"":""Percent"",""path1"":""CPUUtilization"",""metric"":""CPUUtilization"",""ImageId"":""ami-018d291ca9ffc002f"",""namespace"":""AWS\/EC2"",""region"":""us-west-1"",""value"":21.681666666666665,""timestamp"":""2023-03-19T18:05:00.000Z""}"
ami-018d291ca9ffc002f,CPUUtilization,AWS/EC2,,CPUUtilization,5,us-west-1,,,Average,Percent,21.681666666666665,
ami-018d291ca9ffc002f,CPUUtilization,AWS/EC2,demo2,CPUUtilization,5,us-west-1,1679255149,,Average,Percent,22.103333333333335,"{""period"":5,""statistic"":""Average"",""logfile"":""cloudwatch"",""source"":""cloudwatch"",""serverHost"":""cloudwatch-us-west-1"",""unit"":""Percent"",""path1"":""CPUUtilization"",""metric"":""CPUUtilization"",""ImageId"":""ami-018d291ca9ffc002f"",""namespace"":""AWS\/EC2"",""region"":""us-west-1"",""value"":22.103333333333335,""timestamp"":""2023-03-19T18:10:00.000Z""}"
ami-018d291ca9ffc002f,CPUUtilization,AWS/EC2,,CPUUtilization,5,us-west-1,,,Average,Percent,22.103333333333335,
ami-018d291ca9ffc002f,CPUUtilization,AWS/EC2,demo2,CPUUtilization,5,us-west-1,1679255327,,Average,Percent,22.07333333333333,"{""period"":5,""statistic"":""Average"",""logfile"":""cloudwatch"",""source"":""cloudwatch"",""serverHost"":""cloudwatch-us-west-1"",""unit"":""Percent"",""path1"":""CPUUtilization"",""metric"":""CPUUtilization"",""ImageId"":""ami-018d291ca9ffc002f"",""namespace"":""AWS\/EC2"",""region"":""us-west-1"",""value"":22.07333333333333,""timestamp"":""2023-03-19T18:15:00.000Z""}"
ami-018d291ca9ffc002f,CPUUtilization,AWS/EC2,,CPUUtilization,5,us-west-1,,,Average,Percent,22.07333333333333,
ami-018d291ca9ffc002f,CPUUtilization,AWS/EC2,demo2,CPUUtilization,5,us-west-1,1679255209,,Average,Percent,22.031666666666666,"{""period"":5,""statistic"":""Average"",""logfile"":""cloudwatch"",""source"":""cloudwatch"",""serverHost"":""cloudwatch-us-west-1"",""unit"":""Percent"",""path1"":""CPUUtilization"",""metric"":""CPUUtilization"",""ImageId"":""ami-018d291ca9ffc002f"",""namespace"":""AWS\/EC2"",""region"":""us-west-1"",""value"":22.031666666666666,""timestamp"":""2023-03-19T18:20:00.000Z""}"
ami-018d291ca9ffc002f,CPUUtilization,AWS/EC2,,CPUUtilization,5,us-west-1,,,Average,Percent,22.031666666666666,
ami-018d291ca9ffc002f,CPUUtilization,AWS/EC2,demo2,CPUUtilization,5,us-west-1,1679255328,,Average,Percent,22.10833333333333,"{""period"":5,""statistic"":""Average"",""logfile"":""cloudwatch"",""source"":""cloudwatch"",""serverHost"":""cloudwatch-us-west-1"",""unit"":""Percent"",""path1"":""CPUUtilization"",""metric"":""CPUUtilization"",""ImageId"":""ami-018d291ca9ffc002f"",""namespace"":""AWS\/EC2"",""region"":""us-west-1"",""value"":22.10833333333333,""timestamp"":""2023-03-19T18:25:00.000Z""}"
ami-018d291ca9ffc002f,CPUUtilization,AWS/EC2,,CPUUtilization,5,us-west-1,,,Average,Percent,22.10833333333333,
ami-018d291ca9ffc002f,CPUUtilization,AWS/EC2,demo2,CPUUtilization,5,us-west-1,1679256108,,Average,Percent,22.06,"{""period"":5,""statistic"":""Average"",""logfile"":""cloudwatch"",""source"":""cloudwatch"",""serverHost"":""cloudwatch-us-west-1"",""unit"":""Percent"",""path1"":""CPUUtilization"",""metric"":""CPUUtilization"",""ImageId"":""ami-018d291ca9ffc002f"",""namespace"":""AWS\/EC2"",""region"":""us-west-1"",""value"":22.06,""timestamp"":""2023-03-19T18:30:00.000Z""}"
ami-018d291ca9ffc002f,CPUUtilization,AWS/EC2,,CPUUtilization,5,us-west-1,,,Average,Percent,22.06,
ami-018d291ca9ffc002f,CPUUtilization,AWS/EC2,demo2,CPUUtilization,5,us-west-1,1679256168,,Average,Percent,22.154999999999994,"{""period"":5,""statistic"":""Average"",""logfile"":""cloudwatch"",""source"":""cloudwatch"",""serverHost"":""cloudwatch-us-west-1"",""unit"":""Percent"",""path1"":""CPUUtilization"",""metric"":""CPUUtilization"",""ImageId"":""ami-018d291ca9ffc002f"",""namespace"":""AWS\/EC2"",""region"":""us-west-1"",""value"":22.154999999999994,""timestamp"":""2023-03-19T18:35:00.000Z""}"
ami-018d291ca9ffc002f,CPUUtilization,AWS/EC2,,CPUUtilization,5,us-west-1,,,Average,Percent,22.154999999999994,
ami-018d291ca9ffc002f,CPUUtilization,AWS/EC2,demo2,CPUUtilization,5,us-west-1,1679256888,,Average,Percent,22.211666666666666,"{""period"":5,""statistic"":""Average"",""logfile"":""cloudwatch"",""source"":""cloudwatch"",""serverHost"":""cloudwatch-us-west-1"",""unit"":""Percent"",""path1"":""CPUUtilization"",""metric"":""CPUUtilization"",""ImageId"":""ami-018d291ca9ffc002f"",""namespace"":""AWS\/EC2"",""region"":""us-west-1"",""value"":22.211666666666666,""timestamp"":""2023-03-19T18:40:00.000Z""}"
ami-018d291ca9ffc002f,CPUUtilization,AWS/EC2,,CPUUtilization,5,us-west-1,,,Average,Percent,22.211666666666666,
ami-018d291ca9ffc002f,CPUUtilization,AWS/EC2,demo2,CPUUtilization,5,us-west-1,1679257608,,Average,Percent,21.988333333333333,"{""period"":5,""statistic"":""Average"",""logfile"":""cloudwatch"",""source"":""cloudwatch"",""serverHost"":""cloudwatch-us-west-1"",""unit"":""Percent"",""path1"":""CPUUtilization"",""metric"":""CPUUtilization"",""ImageId"":""ami-018d291ca9ffc002f"",""namespace"":""AWS\/EC2"",""region"":""us-west-1"",""value"":21.988333333333333,""timestamp"":""2023-03-19T18:45:00.000Z""}"
ami-018d291ca9ffc002f,CPUUtilization,AWS/EC2,,CPUUtilization,5,us-west-1,,,Average,Percent,21.988333333333333,
ami-018d291ca9ffc002f,CPUUtilization,AWS/EC2,demo2,CPUUtilization,5,us-west-1,1679257428,,Average,Percent,22.02,"{""period"":5,""statistic"":""Average"",""logfile"":""cloudwatch"",""source"":""cloudwatch"",""serverHost"":""cloudwatch-us-west-1"",""unit"":""Percent"",""path1"":""CPUUtilization"",""metric"":""CPUUtilization"",""ImageId"":""ami-018d291ca9ffc002f"",""namespace"":""AWS\/EC2"",""region"":""us-west-1"",""value"":22.02,""timestamp"":""2023-03-19T18:50:00.000Z""}"
ami-018d291ca9ffc002f,CPUUtilization,AWS/EC2,,CPUUtilization,5,us-west-1,,,Average,Percent,22.02,
ami-018d291ca9ffc002f,CPUUtilization,AWS/EC2,demo2,CPUUtilization,5,us-west-1,1679257307,,Average,Percent,22.441666666666663,"{""period"":5,""statistic"":""Average"",""logfile"":""cloudwatch"",""source"":""cloudwatch"",""serverHost"":""cloudwatch-us-west-1"",""unit"":""Percent"",""path1"":""CPUUtilization"",""metric"":""CPUUtilization"",""ImageId"":""ami-018d291ca9ffc002f"",""namespace"":""AWS\/EC2"",""region"":""us-west-1"",""value"":22.441666666666663,""timestamp"":""2023-03-19T18:55:00.000Z""}"
ami-018d291ca9ffc002f,CPUUtilization,AWS/EC2,,CPUUtilization,5,us-west-1,,,Average,Percent,22.441666666666663,
ami-018d291ca9ffc002f,CPUUtilization,AWS/EC2,demo2,CPUUtilization,5,us-west-1,1679257608,,Average,Percent,22.525,"{""period"":5,""statistic"":""Average"",""logfile"":""cloudwatch"",""source"":""cloudwatch"",""serverHost"":""cloudwatch-us-west-1"",""unit"":""Percent"",""path1"":""CPUUtilization"",""metric"":""CPUUtilization"",""ImageId"":""ami-018d291ca9ffc002f"",""namespace"":""AWS\/EC2"",""region"":""us-west-1"",""value"":22.525,""timestamp"":""2023-03-19T19:00:00.000Z""}"
ami-018d291ca9ffc002f,CPUUtilization,AWS/EC2,,CPUUtilization,5,us-west-1,,,Average,Percent,22.525,
ami-018d291ca9ffc002f,CPUUtilization,AWS/EC2,demo2,CPUUtilization,5,us-west-1,1679257908,,Average,Percent,22.181666666666665,"{""period"":5,""statistic"":""Average"",""logfile"":""cloudwatch"",""source"":""cloudwatch"",""serverHost"":""cloudwatch-us-west-1"",""unit"":""Percent"",""path1"":""CPUUtilization"",""metric"":""CPUUtilization"",""ImageId"":""ami-018d291ca9ffc002f"",""namespace"":""AWS\/EC2"",""region"":""us-west-1"",""value"":22.181666666666665,""timestamp"":""2023-03-19T19:05:00.000Z""}"
ami-018d291ca9ffc002f,CPUUtilization,AWS/EC2,,CPUUtilization,5,us-west-1,,,Average,Percent,22.181666666666665,
ami-018d291ca9ffc002f,CPUUtilization,AWS/EC2,demo2,CPUUtilization,5,us-west-1,1679257908,,Average,Percent,21.856666666666662,"{""period"":5,""statistic"":""Average"",""logfile"":""cloudwatch"",""source"":""cloudwatch"",""serverHost"":""cloudwatch-us-west-1"",""unit"":""Percent"",""path1"":""CPUUtilization"",""metric"":""CPUUtilization"",""ImageId"":""ami-018d291ca9ffc002f"",""namespace"":""AWS\/EC2"",""region"":""us-west-1"",""value"":21.856666666666662,""timestamp"":""2023-03-19T19:10:00.000Z""}"
ami-018d291ca9ffc002f,CPUUtilization,AWS/EC2,,CPUUtilization,5,us-west-1,,,Average,Percent,21.856666666666662,
ami-018d291ca9ffc002f,CPUUtilization,AWS/EC2,demo2,CPUUtilization,5,us-west-1,1679258808,,Average,Percent,22.546666666666667,"{""period"":5,""statistic"":""Average"",""logfile"":""cloudwatch"",""source"":""cloudwatch"",""serverHost"":""cloudwatch-us-west-1"",""unit"":""Percent"",""path1"":""CPUUtilization"",""metric"":""CPUUtilization"",""ImageId"":""ami-018d291ca9ffc002f"",""namespace"":""AWS\/EC2"",""region"":""us-west-1"",""value"":22.546666666666667,""timestamp"":""2023-03-19T19:15:00.000Z""}"
ami-018d291ca9ffc002f,CPUUtilization,AWS/EC2,,CPUUtilization,5,us-west-1,,,Average,Percent,22.546666666666667,
ami-018d291ca9ffc002f,CPUUtilization,AWS/EC2,demo2,CPUUtilization,5,us-west-1,1679258988,,Average,Percent,21.791666666666664,"{""period"":5,""statistic"":""Average"",""logfile"":""cloudwatch"",""source"":""cloudwatch"",""serverHost"":""cloudwatch-us-west-1"",""unit"":""Percent"",""path1"":""CPUUtilization"",""metric"":""CPUUtilization"",""ImageId"":""ami-018d291ca9ffc002f"",""namespace"":""AWS\/EC2"",""region"":""us-west-1"",""value"":21.791666666666664,""timestamp"":""2023-03-19T19:20:00.000Z""}"
ami-018d291ca9ffc002f,CPUUtilization,AWS/EC2,,CPUUtilization,5,us-west-1,,,Average,Percent,21.791666666666664,
ami-018d291ca9ffc002f,CPUUtilization,AWS/EC2,demo2,CPUUtilization,5,us-west-1,1679259408,,Average,Percent,22.153333333333332,"{""period"":5,""statistic"":""Average"",""logfile"":""cloudwatch"",""source"":""cloudwatch"",""serverHost"":""cloudwatch-us-west-1"",""unit"":""Percent"",""path1"":""CPUUtilization"",""metric"":""CPUUtilization"",""ImageId"":""ami-018d291ca9ffc002f"",""namespace"":""AWS\/EC2"",""region"":""us-west-1"",""value"":22.153333333333332,""timestamp"":""2023-03-19T19:25:00.000Z""}"
ami-018d291ca9ffc002f,CPUUtilization,AWS/EC2,,CPUUtilization,5,us-west-1,,,Average,Percent,22.153333333333332,
ami-018d291ca9ffc002f,CPUUtilization,AWS/EC2,demo2,CPUUtilization,5,us-west-1,1679258988,,Average,Percent,21.67666666666667,"{""period"":5,""statistic"":""Average"",""logfile"":""cloudwatch"",""source"":""cloudwatch"",""serverHost"":""cloudwatch-us-west-1"",""unit"":""Percent"",""path1"":""CPUUtilization"",""metric"":""CPUUtilization"",""ImageId"":""ami-018d291ca9ffc002f"",""namespace"":""AWS\/EC2"",""region"":""us-west-1"",""value"":21.67666666666667,""timestamp"":""2023-03-19T19:30:00.000Z""}"
ami-018d291ca9ffc002f,CPUUtilization,AWS/EC2,,CPUUtilization,5,us-west-1,,,Average,Percent,21.67666666666667,
ami-018d291ca9ffc002f,CPUUtilization,AWS/EC2,demo2,CPUUtilization,5,us-west-1,1679259708,,Average,Percent,22.369999999999997,"{""period"":5,""statistic"":""Average"",""logfile"":""cloudwatch"",""source"":""cloudwatch"",""serverHost"":""cloudwatch-us-west-1"",""unit"":""Percent"",""path1"":""CPUUtilization"",""metric"":""CPUUtilization"",""ImageId"":""ami-018d291ca9ffc002f"",""namespace"":""AWS\/EC2"",""region"":""us-west-1"",""value"":22.369999999999997,""timestamp"":""2023-03-19T19:35:00.000Z""}"
ami-018d291ca9ffc002f,CPUUtilization,AWS/EC2,,CPUUtilization,5,us-west-1,,,Average,Percent,22.369999999999997,
ami-018d291ca9ffc002f,CPUUtilization,AWS/EC2,demo2,CPUUtilization,5,us-west-1,1679259887,,Average,Percent,21.955000000000002,"{""period"":5,""statistic"":""Average"",""logfile"":""cloudwatch"",""source"":""cloudwatch"",""serverHost"":""cloudwatch-us-west-1"",""unit"":""Percent"",""path1"":""CPUUtilization"",""metric"":""CPUUtilization"",""ImageId"":""ami-018d291ca9ffc002f"",""namespace"":""AWS\/EC2"",""region"":""us-west-1"",""value"":21.955000000000002,""timestamp"":""2023-03-19T19:40:00.000Z""}"
ami-018d291ca9ffc002f,CPUUtilization,AWS/EC2,,CPUUtilization,5,us-west-1,,,Average,Percent,21.955000000000002,
ami-018d291ca9ffc002f,CPUUtilization,AWS/EC2,demo2,CPUUtilization,5,us-west-1,1679260308,,Average,Percent,21.44333333333333,"{""period"":5,""statistic"":""Average"",""logfile"":""cloudwatch"",""source"":""cloudwatch"",""serverHost"":""cloudwatch-us-west-1"",""unit"":""Percent"",""path1"":""CPUUtilization"",""metric"":""CPUUtilization"",""ImageId"":""ami-018d291ca9ffc002f"",""namespace"":""AWS\/EC2"",""region"":""us-west-1"",""value"":21.44333333333333,""timestamp"":""2023-03-19T19:45:00.000Z""}"
ami-018d291ca9ffc002f,CPUUtilization,AWS/EC2,,CPUUtilization,5,us-west-1,,,Average,Percent,21.44333333333333,
ami-018d291ca9ffc002f,CPUUtilization,AWS/EC2,demo2,CPUUtilization,5,us-west-1,1679260307,,Average,Percent,21.17666666666667,"{""period"":5,""statistic"":""Average"",""logfile"":""cloudwatch"",""source"":""cloudwatch"",""serverHost"":""cloudwatch-us-west-1"",""unit"":""Percent"",""path1"":""CPUUtilization"",""metric"":""CPUUtilization"",""ImageId"":""ami-018d291ca9ffc002f"",""namespace"":""AWS\/EC2"",""region"":""us-west-1"",""value"":21.17666666666667,""timestamp"":""2023-03-19T19:50:00.000Z""}"
ami-018d291ca9ffc002f,CPUUtilization,AWS/EC2,,CPUUtilization,5,us-west-1,,,Average,Percent,21.17666666666667,
ami-018d291ca9ffc002f,CPUUtilization,AWS/EC2,demo2,CPUUtilization,5,us-west-1,1679260609,,Average,Percent,26.541163516375594,"{""period"":5,""statistic"":""Average"",""logfile"":""cloudwatch"",""source"":""cloudwatch"",""serverHost"":""cloudwatch-us-west-1"",""unit"":""Percent"",""path1"":""CPUUtilization"",""metric"":""CPUUtilization"",""ImageId"":""ami-018d291ca9ffc002f"",""namespace"":""AWS\/EC2"",""region"":""us-west-1"",""value"":26.541163516375594,""timestamp"":""2023-03-19T19:55:00.000Z""}"
ami-018d291ca9ffc002f,CPUUtilization,AWS/EC2,,CPUUtilization,5,us-west-1,,,Average,Percent,26.541163516375594,
ami-018d291ca9ffc002f,CPUUtilization,AWS/EC2,demo2,CPUUtilization,5,us-west-1,1679261088,,Average,Percent,21.89326256419337,"{""period"":5,""statistic"":""Average"",""logfile"":""cloudwatch"",""source"":""cloudwatch"",""serverHost"":""cloudwatch-us-west-1"",""unit"":""Percent"",""path1"":""CPUUtilization"",""metric"":""CPUUtilization"",""ImageId"":""ami-018d291ca9ffc002f"",""namespace"":""AWS\/EC2"",""region"":""us-west-1"",""value"":21.89326256419337,""timestamp"":""2023-03-19T20:00:00.000Z""}"
ami-018d291ca9ffc002f,CPUUtilization,AWS/EC2,,CPUUtilization,5,us-west-1,,,Average,Percent,21.89326256419337,
ami-018d291ca9ffc002f,CPUUtilization,AWS/EC2,demo2,CPUUtilization,5,us-west-1,1679261808,,Average,Percent,22.651833674602035,"{""period"":5,""statistic"":""Average"",""logfile"":""cloudwatch"",""source"":""cloudwatch"",""serverHost"":""cloudwatch-us-west-1"",""unit"":""Percent"",""path1"":""CPUUtilization"",""metric"":""CPUUtilization"",""ImageId"":""ami-018d291ca9ffc002f"",""namespace"":""AWS\/EC2"",""region"":""us-west-1"",""value"":22.651833674602035,""timestamp"":""2023-03-19T20:05:00.000Z""}"
ami-018d291ca9ffc002f,CPUUtilization,AWS/EC2,,CPUUtilization,5,us-west-1,,,Average,Percent,22.651833674602035,
ami-018d291ca9ffc002f,CPUUtilization,AWS/EC2,demo2,CPUUtilization,5,us-west-1,1679261388,,Average,Percent,22.018334085764355,"{""period"":5,""statistic"":""Average"",""logfile"":""cloudwatch"",""source"":""cloudwatch"",""serverHost"":""cloudwatch-us-west-1"",""unit"":""Percent"",""path1"":""CPUUtilization"",""metric"":""CPUUtilization"",""ImageId"":""ami-018d291ca9ffc002f"",""namespace"":""AWS\/EC2"",""region"":""us-west-1"",""value"":22.018334085764355,""timestamp"":""2023-03-19T20:10:00.000Z""}"
ami-018d291ca9ffc002f,CPUUtilization,AWS/EC2,,CPUUtilization,5,us-west-1,,,Average,Percent,22.018334085764355,
ami-018d291ca9ffc002f,CPUUtilization,AWS/EC2,demo2,CPUUtilization,5,us-west-1,1679262708,,Average,Percent,22.561663419168053,"{""period"":5,""statistic"":""Average"",""logfile"":""cloudwatch"",""source"":""cloudwatch"",""serverHost"":""cloudwatch-us-west-1"",""unit"":""Percent"",""path1"":""CPUUtilization"",""metric"":""CPUUtilization"",""ImageId"":""ami-018d291ca9ffc002f"",""namespace"":""AWS\/EC2"",""region"":""us-west-1"",""value"":22.561663419168053,""timestamp"":""2023-03-19T20:15:00.000Z""}"
ami-018d291ca9ffc002f,CPUUtilization,AWS/EC2,,CPUUtilization,5,us-west-1,,,Average,Percent,22.561663419168053,
ami-018d291ca9ffc002f,CPUUtilization,AWS/EC2,demo2,CPUUtilization,5,us-west-1,1679262408,,Average,Percent,22.136587480967904,"{""period"":5,""statistic"":""Average"",""logfile"":""cloudwatch"",""source"":""cloudwatch"",""serverHost"":""cloudwatch-us-west-1"",""unit"":""Percent"",""path1"":""CPUUtilization"",""metric"":""CPUUtilization"",""ImageId"":""ami-018d291ca9ffc002f"",""namespace"":""AWS\/EC2"",""region"":""us-west-1"",""value"":22.136587480967904,""timestamp"":""2023-03-19T20:20:00.000Z""}"
ami-018d291ca9ffc002f,CPUUtilization,AWS/EC2,,CPUUtilization,5,us-west-1,,,Average,Percent,22.136587480967904,
ami-018d291ca9ffc002f,CPUUtilization,AWS/EC2,demo2,CPUUtilization,5,us-west-1,1679262529,,Average,Percent,22.17333975496157,"{""period"":5,""statistic"":""Average"",""logfile"":""cloudwatch"",""source"":""cloudwatch"",""serverHost"":""cloudwatch-us-west-1"",""unit"":""Percent"",""path1"":""CPUUtilization"",""metric"":""CPUUtilization"",""ImageId"":""ami-018d291ca9ffc002f"",""namespace"":""AWS\/EC2"",""region"":""us-west-1"",""value"":22.17333975496157,""timestamp"":""2023-03-19T20:25:00.000Z""}"
ami-018d291ca9ffc002f,CPUUtilization,AWS/EC2,,CPUUtilization,5,us-west-1,,,Average,Percent,22.17333975496157,
ami-018d291ca9ffc002f,CPUUtilization,AWS/EC2,demo2,CPUUtilization,5,us-west-1,1679262829,,Average,Percent,22.186741890142617,"{""period"":5,""statistic"":""Average"",""logfile"":""cloudwatch"",""source"":""cloudwatch"",""serverHost"":""cloudwatch-us-west-1"",""unit"":""Percent"",""path1"":""CPUUtilization"",""metric"":""CPUUtilization"",""ImageId"":""ami-018d291ca9ffc002f"",""namespace"":""AWS\/EC2"",""region"":""us-west-1"",""value"":22.186741890142617,""timestamp"":""2023-03-19T20:30:00.000Z""}"
ami-018d291ca9ffc002f,CPUUtilization,AWS/EC2,,CPUUtilization,5,us-west-1,,,Average,Percent,22.186741890142617,
ami-018d291ca9ffc002f,CPUUtilization,AWS/EC2,demo2,CPUUtilization,5,us-west-1,1679262709,,Average,Percent,22.424932872552482,"{""period"":5,""statistic"":""Average"",""logfile"":""cloudwatch"",""source"":""cloudwatch"",""serverHost"":""cloudwatch-us-west-1"",""unit"":""Percent"",""path1"":""CPUUtilization"",""metric"":""CPUUtilization"",""ImageId"":""ami-018d291ca9ffc002f"",""namespace"":""AWS\/EC2"",""region"":""us-west-1"",""value"":22.424932872552482,""timestamp"":""2023-03-19T20:35:00.000Z""}"
ami-018d291ca9ffc002f,CPUUtilization,AWS/EC2,,CPUUtilization,5,us-west-1,,,Average,Percent,22.424932872552482,
ami-018d291ca9ffc002f,CPUUtilization,AWS/EC2,demo2,CPUUtilization,5,us-west-1,1679263009,,Average,Percent,22.229997113617593,"{""period"":5,""statistic"":""Average"",""logfile"":""cloudwatch"",""source"":""cloudwatch"",""serverHost"":""cloudwatch-us-west-1"",""unit"":""Percent"",""path1"":""CPUUtilization"",""metric"":""CPUUtilization"",""ImageId"":""ami-018d291ca9ffc002f"",""namespace"":""AWS\/EC2"",""region"":""us-west-1"",""value"":22.229997113617593,""timestamp"":""2023-03-19T20:40:00.000Z""}"
ami-018d291ca9ffc002f,CPUUtilization,AWS/EC2,,CPUUtilization,5,us-west-1,,,Average,Percent,22.229997113617593,
ami-018d291ca9ffc002f,CPUUtilization,AWS/EC2,demo2,CPUUtilization,5,us-west-1,1679263549,,Average,Percent,22.061813504840778,"{""period"":5,""statistic"":""Average"",""logfile"":""cloudwatch"",""source"":""cloudwatch"",""serverHost"":""cloudwatch-us-west-1"",""unit"":""Percent"",""path1"":""CPUUtilization"",""metric"":""CPUUtilization"",""ImageId"":""ami-018d291ca9ffc002f"",""namespace"":""AWS\/EC2"",""region"":""us-west-1"",""value"":22.061813504840778,""timestamp"":""2023-03-19T20:45:00.000Z""}"
ami-018d291ca9ffc002f,CPUUtilization,AWS/EC2,,CPUUtilization,5,us-west-1,,,Average,Percent,22.061813504840778,
ami-018d291ca9ffc002f,CPUUtilization,AWS/EC2,demo2,CPUUtilization,5,us-west-1,1679263369,,Average,Percent,22.063335643821762,"{""period"":5,""statistic"":""Average"",""logfile"":""cloudwatch"",""source"":""cloudwatch"",""serverHost"":""cloudwatch-us-west-1"",""unit"":""Percent"",""path1"":""CPUUtilization"",""metric"":""CPUUtilization"",""ImageId"":""ami-018d291ca9ffc002f"",""namespace"":""AWS\/EC2"",""region"":""us-west-1"",""value"":22.063335643821762,""timestamp"":""2023-03-19T20:50:00.000Z""}"
ami-018d291ca9ffc002f,CPUUtilization,AWS/EC2,,CPUUtilization,5,us-west-1,,,Average,Percent,22.063335643821762,
ami-018d291ca9ffc002f,CPUUtilization,AWS/EC2,demo2,CPUUtilization,5,us-west-1,1679263909,,Average,Percent,22.064925334577758,"{""period"":5,""statistic"":""Average"",""logfile"":""cloudwatch"",""source"":""cloudwatch"",""serverHost"":""cloudwatch-us-west-1"",""unit"":""Percent"",""path1"":""CPUUtilization"",""metric"":""CPUUtilization"",""ImageId"":""ami-018d291ca9ffc002f"",""namespace"":""AWS\/EC2"",""region"":""us-west-1"",""value"":22.064925334577758,""timestamp"":""2023-03-19T20:55:00.000Z""}"
ami-018d291ca9ffc002f,CPUUtilization,AWS/EC2,,CPUUtilization,5,us-west-1,,,Average,Percent,22.064925334577758,
ami-018d291ca9ffc002f,CPUUtilization,AWS/EC2,demo2,CPUUtilization,5,us-west-1,1679264209,,Average,Percent,22.34490826631141,"{""period"":5,""statistic"":""Average"",""logfile"":""cloudwatch"",""source"":""cloudwatch"",""serverHost"":""cloudwatch-us-west-1"",""unit"":""Percent"",""path1"":""CPUUtilization"",""metric"":""CPUUtilization"",""ImageId"":""ami-018d291ca9ffc002f"",""namespace"":""AWS\/EC2"",""region"":""us-west-1"",""value"":22.34490826631141,""timestamp"":""2023-03-19T21:00:00.000Z""}"
ami-018d291ca9ffc002f,CPUUtilization,AWS/EC2,,CPUUtilization,5,us-west-1,,,Average,Percent,22.34490826631141,
ami-018d291ca9ffc002f,CPUUtilization,AWS/EC2,demo2,CPUUtilization,5,us-west-1,1679264872,,Average,Percent,22.410112867728586,"{""period"":5,""statistic"":""Average"",""logfile"":""cloudwatch"",""source"":""cloudwatch"",""serverHost"":""cloudwatch-us-west-1"",""unit"":""Percent"",""path1"":""CPUUtilization"",""metric"":""CPUUtilization"",""ImageId"":""ami-018d291ca9ffc002f"",""namespace"":""AWS\/EC2"",""region"":""us-west-1"",""value"":22.410112867728586,""timestamp"":""2023-03-19T21:05:00.000Z""}"
ami-018d291ca9ffc002f,CPUUtilization,AWS/EC2,,CPUUtilization,5,us-west-1,,,Average,Percent,22.410112867728586,
ami-018d291ca9ffc002f,CPUUtilization,AWS/EC2,demo2,CPUUtilization,5,us-west-1,1679265049,,Average,Percent,21.895013202055225,"{""period"":5,""statistic"":""Average"",""logfile"":""cloudwatch"",""source"":""cloudwatch"",""serverHost"":""cloudwatch-us-west-1"",""unit"":""Percent"",""path1"":""CPUUtilization"",""metric"":""CPUUtilization"",""ImageId"":""ami-018d291ca9ffc002f"",""namespace"":""AWS\/EC2"",""region"":""us-west-1"",""value"":21.895013202055225,""timestamp"":""2023-03-19T21:10:00.000Z""}"
ami-018d291ca9ffc002f,CPUUtilization,AWS/EC2,,CPUUtilization,5,us-west-1,,,Average,Percent,21.895013202055225,
ami-018d291ca9ffc002f,CPUUtilization,AWS/EC2,demo2,CPUUtilization,5,us-west-1,1679265109,,Average,Percent,22.428268147531803,"{""period"":5,""statistic"":""Average"",""logfile"":""cloudwatch"",""source"":""cloudwatch"",""serverHost"":""cloudwatch-us-west-1"",""unit"":""Percent"",""path1"":""CPUUtilization"",""metric"":""CPUUtilization"",""ImageId"":""ami-018d291ca9ffc002f"",""namespace"":""AWS\/EC2"",""region"":""us-west-1"",""value"":22.428268147531803,""timestamp"":""2023-03-19T21:15:00.000Z""}"
ami-018d291ca9ffc002f,CPUUtilization,AWS/EC2,,CPUUtilization,5,us-west-1,,,Average,Percent,22.428268147531803,
ami-018d291ca9ffc002f,CPUUtilization,AWS/EC2,demo2,CPUUtilization,5,us-west-1,1679265709,,Average,Percent,22.280073556781502,"{""period"":5,""statistic"":""Average"",""logfile"":""cloudwatch"",""source"":""cloudwatch"",""serverHost"":""cloudwatch-us-west-1"",""unit"":""Percent"",""path1"":""CPUUtilization"",""metric"":""CPUUtilization"",""ImageId"":""ami-018d291ca9ffc002f"",""namespace"":""AWS\/EC2"",""region"":""us-west-1"",""value"":22.280073556781502,""timestamp"":""2023-03-19T21:20:00.000Z""}"
ami-018d291ca9ffc002f,CPUUtilization,AWS/EC2,,CPUUtilization,5,us-west-1,,,Average,Percent,22.280073556781502,
ami-018d291ca9ffc002f,CPUUtilization,AWS/EC2,demo2,CPUUtilization,5,us-west-1,1679266249,,Average,Percent,22.09831826869622,"{""period"":5,""statistic"":""Average"",""logfile"":""cloudwatch"",""source"":""cloudwatch"",""serverHost"":""cloudwatch-us-west-1"",""unit"":""Percent"",""path1"":""CPUUtilization"",""metric"":""CPUUtilization"",""ImageId"":""ami-018d291ca9ffc002f"",""namespace"":""AWS\/EC2"",""region"":""us-west-1"",""value"":22.09831826869622,""timestamp"":""2023-03-19T21:25:00.000Z""}"
ami-018d291ca9ffc002f,CPUUtilization,AWS/EC2,,CPUUtilization,5,us-west-1,,,Average,Percent,22.09831826869622,
ami-018d291ca9ffc002f,CPUUtilization,AWS/EC2,demo2,CPUUtilization,5,us-west-1,1679266129,,Average,Percent,21.834991459618507,"{""period"":5,""statistic"":""Average"",""logfile"":""cloudwatch"",""source"":""cloudwatch"",""serverHost"":""cloudwatch-us-west-1"",""unit"":""Percent"",""path1"":""CPUUtilization"",""metric"":""CPUUtilization"",""ImageId"":""ami-018d291ca9ffc002f"",""namespace"":""AWS\/EC2"",""region"":""us-west-1"",""value"":21.834991459618507,""timestamp"":""2023-03-19T21:30:00.000Z""}"
ami-018d291ca9ffc002f,CPUUtilization,AWS/EC2,,CPUUtilization,5,us-west-1,,,Average,Percent,21.834991459618507,
ami-018d291ca9ffc002f,CPUUtilization,AWS/EC2,demo2,CPUUtilization,5,us-west-1,1679266369,,Average,Percent,22.603328128709798,"{""period"":5,""statistic"":""Average"",""logfile"":""cloudwatch"",""source"":""cloudwatch"",""serverHost"":""cloudwatch-us-west-1"",""unit"":""Percent"",""path1"":""CPUUtilization"",""metric"":""CPUUtilization"",""ImageId"":""ami-018d291ca9ffc002f"",""namespace"":""AWS\/EC2"",""region"":""us-west-1"",""value"":22.603328128709798,""timestamp"":""2023-03-19T21:35:00.000Z""}"
ami-018d291ca9ffc002f,CPUUtilization,AWS/EC2,,CPUUtilization,5,us-west-1,,,Average,Percent,22.603328128709798,
ami-018d291ca9ffc002f,CPUUtilization,AWS/EC2,demo2,CPUUtilization,5,us-west-1,1679266971,,Average,Percent,22.30158284217392,"{""period"":5,""statistic"":""Average"",""logfile"":""cloudwatch"",""source"":""cloudwatch"",""serverHost"":""cloudwatch-us-west-1"",""unit"":""Percent"",""path1"":""CPUUtilization"",""metric"":""CPUUtilization"",""ImageId"":""ami-018d291ca9ffc002f"",""namespace"":""AWS\/EC2"",""region"":""us-west-1"",""value"":22.30158284217392,""timestamp"":""2023-03-19T21:40:00.000Z""}"
ami-018d291ca9ffc002f,CPUUtilization,AWS/EC2,,CPUUtilization,5,us-west-1,,,Average,Percent,22.30158284217392,
ami-018d291ca9ffc002f,CPUUtilization,AWS/EC2,demo2,CPUUtilization,5,us-west-1,1679267150,,Average,Percent,21.908480423959883,"{""period"":5,""statistic"":""Average"",""logfile"":""cloudwatch"",""source"":""cloudwatch"",""serverHost"":""cloudwatch-us-west-1"",""unit"":""Percent"",""path1"":""CPUUtilization"",""metric"":""CPUUtilization"",""ImageId"":""ami-018d291ca9ffc002f"",""namespace"":""AWS\/EC2"",""region"":""us-west-1"",""value"":21.908480423959883,""timestamp"":""2023-03-19T21:45:00.000Z""}"
ami-018d291ca9ffc002f,CPUUtilization,AWS/EC2,,CPUUtilization,5,us-west-1,,,Average,Percent,21.908480423959883,
ami-018d291ca9ffc002f,CPUUtilization,AWS/EC2,demo2,CPUUtilization,5,us-west-1,1679266730,,Average,Percent,21.926596864744887,"{""period"":5,""statistic"":""Average"",""logfile"":""cloudwatch"",""source"":""cloudwatch"",""serverHost"":""cloudwatch-us-west-1"",""unit"":""Percent"",""path1"":""CPUUtilization"",""metric"":""CPUUtilization"",""ImageId"":""ami-018d291ca9ffc002f"",""namespace"":""AWS\/EC2"",""region"":""us-west-1"",""value"":21.926596864744887,""timestamp"":""2023-03-19T21:50:00.000Z""}"
ami-018d291ca9ffc002f,CPUUtilization,AWS/EC2,,CPUUtilization,5,us-west-1,,,Average,Percent,21.926596864744887,
ami-018d291ca9ffc002f,CPUUtilization,AWS/EC2,demo2,CPUUtilization,5,us-west-1,1679266909,,Average,Percent,22.484779839465553,"{""period"":5,""statistic"":""Average"",""logfile"":""cloudwatch"",""source"":""cloudwatch"",""serverHost"":""cloudwatch-us-west-1"",""unit"":""Percent"",""path1"":""CPUUtilization"",""metric"":""CPUUtilization"",""ImageId"":""ami-018d291ca9ffc002f"",""namespace"":""AWS\/EC2"",""region"":""us-west-1"",""value"":22.484779839465553,""timestamp"":""2023-03-19T21:55:00.000Z""}"
ami-018d291ca9ffc002f,CPUUtilization,AWS/EC2,,CPUUtilization,5,us-west-1,,,Average,Percent,22.484779839465553,
ami-018d291ca9ffc002f,CPUUtilization,AWS/EC2,demo2,CPUUtilization,5,us-west-1,1679267989,,Average,Percent,22.213400740332784,"{""period"":5,""statistic"":""Average"",""logfile"":""cloudwatch"",""source"":""cloudwatch"",""serverHost"":""cloudwatch-us-west-1"",""unit"":""Percent"",""path1"":""CPUUtilization"",""metric"":""CPUUtilization"",""ImageId"":""ami-018d291ca9ffc002f"",""namespace"":""AWS\/EC2"",""region"":""us-west-1"",""value"":22.213400740332784,""timestamp"":""2023-03-19T22:00:00.000Z""}"
ami-018d291ca9ffc002f,CPUUtilization,AWS/EC2,,CPUUtilization,5,us-west-1,,,Average,Percent,22.213400740332784,
ami-018d291ca9ffc002f,CPUUtilization,AWS/EC2,demo2,CPUUtilization,5,us-west-1,1679268649,,Average,Percent,21.81515311366301,"{""period"":5,""statistic"":""Average"",""logfile"":""cloudwatch"",""source"":""cloudwatch"",""serverHost"":""cloudwatch-us-west-1"",""unit"":""Percent"",""path1"":""CPUUtilization"",""metric"":""CPUUtilization"",""ImageId"":""ami-018d291ca9ffc002f"",""namespace"":""AWS\/EC2"",""region"":""us-west-1"",""value"":21.81515311366301,""timestamp"":""2023-03-19T22:05:00.000Z""}"
ami-018d291ca9ffc002f,CPUUtilization,AWS/EC2,,CPUUtilization,5,us-west-1,,,Average,Percent,21.81515311366301,
ami-018d291ca9ffc002f,CPUUtilization,AWS/EC2,demo2,CPUUtilization,5,us-west-1,1679268169,,Average,Percent,22.06658866796664,"{""period"":5,""statistic"":""Average"",""logfile"":""cloudwatch"",""source"":""cloudwatch"",""serverHost"":""cloudwatch-us-west-1"",""unit"":""Percent"",""path1"":""CPUUtilization"",""metric"":""CPUUtilization"",""ImageId"":""ami-018d291ca9ffc002f"",""namespace"":""AWS\/EC2"",""region"":""us-west-1"",""value"":22.06658866796664,""timestamp"":""2023-03-19T22:10:00.000Z""}"
ami-018d291ca9ffc002f,CPUUtilization,AWS/EC2,,CPUUtilization,5,us-west-1,,,Average,Percent,22.06658866796664,
ami-018d291ca9ffc002f,CPUUtilization,AWS/EC2,demo2,CPUUtilization,5,us-west-1,1679268109,,Average,Percent,22.106743655745976,"{""period"":5,""statistic"":""Average"",""logfile"":""cloudwatch"",""source"":""cloudwatch"",""serverHost"":""cloudwatch-us-west-1"",""unit"":""Percent"",""path1"":""CPUUtilization"",""metric"":""CPUUtilization"",""ImageId"":""ami-018d291ca9ffc002f"",""namespace"":""AWS\/EC2"",""region"":""us-west-1"",""value"":22.106743655745976,""timestamp"":""2023-03-19T22:15:00.000Z""}"
ami-018d291ca9ffc002f,CPUUtilization,AWS/EC2,,CPUUtilization,5,us-west-1,,,Average,Percent,22.106743655745976,
ami-018d291ca9ffc002f,CPUUtilization,AWS/EC2,demo2,CPUUtilization,5,us-west-1,1679268711,,Average,Percent,22.164941104344788,"{""period"":5,""statistic"":""Average"",""logfile"":""cloudwatch"",""source"":""cloudwatch"",""serverHost"":""cloudwatch-us-west-1"",""unit"":""Percent"",""path1"":""CPUUtilization"",""metric"":""CPUUtilization"",""ImageId"":""ami-018d291ca9ffc002f"",""namespace"":""AWS\/EC2"",""region"":""us-west-1"",""value"":22.164941104344788,""timestamp"":""2023-03-19T22:20:00.000Z""}"
ami-018d291ca9ffc002f,CPUUtilization,AWS/EC2,,CPUUtilization,5,us-west-1,,,Average,Percent,22.164941104344788,
ami-018d291ca9ffc002f,CPUUtilization,AWS/EC2,demo2,CPUUtilization,5,us-west-1,1679269549,,Average,Percent,22.13499834096664,"{""period"":5,""statistic"":""Average"",""logfile"":""cloudwatch"",""source"":""cloudwatch"",""serverHost"":""cloudwatch-us-west-1"",""unit"":""Percent"",""path1"":""CPUUtilization"",""metric"":""CPUUtilization"",""ImageId"":""ami-018d291ca9ffc002f"",""namespace"":""AWS\/EC2"",""region"":""us-west-1"",""value"":22.13499834096664,""timestamp"":""2023-03-19T22:25:00.000Z""}"
ami-018d291ca9ffc002f,CPUUtilization,AWS/EC2,,CPUUtilization,5,us-west-1,,,Average,Percent,22.13499834096664,
ami-018d291ca9ffc002f,CPUUtilization,AWS/EC2,demo2,CPUUtilization,5,us-west-1,1679269910,,Average,Percent,21.929994065250117,"{""period"":5,""statistic"":""Average"",""logfile"":""cloudwatch"",""source"":""cloudwatch"",""serverHost"":""cloudwatch-us-west-1"",""unit"":""Percent"",""path1"":""CPUUtilization"",""metric"":""CPUUtilization"",""ImageId"":""ami-018d291ca9ffc002f"",""namespace"":""AWS\/EC2"",""region"":""us-west-1"",""value"":21.929994065250117,""timestamp"":""2023-03-19T22:30:00.000Z""}"
ami-018d291ca9ffc002f,CPUUtilization,AWS/EC2,,CPUUtilization,5,us-west-1,,,Average,Percent,21.929994065250117,
ami-018d291ca9ffc002f,CPUUtilization,AWS/EC2,demo2,CPUUtilization,5,us-west-1,1679269909,,Average,Percent,22.64173964514783,"{""period"":5,""statistic"":""Average"",""logfile"":""cloudwatch"",""source"":""cloudwatch"",""serverHost"":""cloudwatch-us-west-1"",""unit"":""Percent"",""path1"":""CPUUtilization"",""metric"":""CPUUtilization"",""ImageId"":""ami-018d291ca9ffc002f"",""namespace"":""AWS\/EC2"",""region"":""us-west-1"",""value"":22.64173964514783,""timestamp"":""2023-03-19T22:35:00.000Z""}"
ami-018d291ca9ffc002f,CPUUtilization,AWS/EC2,,CPUUtilization,5,us-west-1,,,Average,Percent,22.64173964514783,
ami-018d291ca9ffc002f,CPUUtilization,AWS/EC2,demo2,CPUUtilization,5,us-west-1,1679269489,,Average,Percent,22.16000984332038,"{""period"":5,""statistic"":""Average"",""logfile"":""cloudwatch"",""source"":""cloudwatch"",""serverHost"":""cloudwatch-us-west-1"",""unit"":""Percent"",""path1"":""CPUUtilization"",""metric"":""CPUUtilization"",""ImageId"":""ami-018d291ca9ffc002f"",""namespace"":""AWS\/EC2"",""region"":""us-west-1"",""value"":22.16000984332038,""timestamp"":""2023-03-19T22:40:00.000Z""}"
ami-018d291ca9ffc002f,CPUUtilization,AWS/EC2,,CPUUtilization,5,us-west-1,,,Average,Percent,22.16000984332038,
ami-018d291ca9ffc002f,CPUUtilization,AWS/EC2,demo2,CPUUtilization,5,us-west-1,1679270869,,Average,Percent,22.35657989791373,"{""period"":5,""statistic"":""Average"",""logfile"":""cloudwatch"",""source"":""cloudwatch"",""serverHost"":""cloudwatch-us-west-1"",""unit"":""Percent"",""path1"":""CPUUtilization"",""metric"":""CPUUtilization"",""ImageId"":""ami-018d291ca9ffc002f"",""namespace"":""AWS\/EC2"",""region"":""us-west-1"",""value"":22.35657989791373,""timestamp"":""2023-03-19T22:45:00.000Z""}"
ami-018d291ca9ffc002f,CPUUtilization,AWS/EC2,,CPUUtilization,5,us-west-1,,,Average,Percent,22.35657989791373,
ami-018d291ca9ffc002f,CPUUtilization,AWS/EC2,demo2,CPUUtilization,5,us-west-1,1679270809,,Average,Percent,22.4534200585486,"{""period"":5,""statistic"":""Average"",""logfile"":""cloudwatch"",""source"":""cloudwatch"",""serverHost"":""cloudwatch-us-west-1"",""unit"":""Percent"",""path1"":""CPUUtilization"",""metric"":""CPUUtilization"",""ImageId"":""ami-018d291ca9ffc002f"",""namespace"":""AWS\/EC2"",""region"":""us-west-1"",""value"":22.4534200585486,""timestamp"":""2023-03-19T22:50:00.000Z""}"
ami-018d291ca9ffc002f,CPUUtilization,AWS/EC2,,CPUUtilization,5,us-west-1,,,Average,Percent,22.4534200585486,
ami-018d291ca9ffc002f,CPUUtilization,AWS/EC2,demo2,CPUUtilization,5,us-west-1,1679271103,,Average,Percent,22.524912036748454,"{""period"":5,""statistic"":""Average"",""logfile"":""cloudwatch"",""source"":""cloudwatch"",""serverHost"":""cloudwatch-us-west-1"",""unit"":""Percent"",""path1"":""CPUUtilization"",""metric"":""CPUUtilization"",""ImageId"":""ami-018d291ca9ffc002f"",""namespace"":""AWS\/EC2"",""region"":""us-west-1"",""value"":22.524912036748454,""timestamp"":""2023-03-19T22:55:00.000Z""}"
ami-018d291ca9ffc002f,CPUUtilization,AWS/EC2,,CPUUtilization,5,us-west-1,,,Average,Percent,22.524912036748454,
ami-018d291ca9ffc002f,CPUUtilization,AWS/EC2,demo2,CPUUtilization,5,us-west-1,1679270689,,Average,Percent,22.106735837043537,"{""period"":5,""statistic"":""Average"",""logfile"":""cloudwatch"",""source"":""cloudwatch"",""serverHost"":""cloudwatch-us-west-1"",""unit"":""Percent"",""path1"":""CPUUtilization"",""metric"":""CPUUtilization"",""ImageId"":""ami-018d291ca9ffc002f"",""namespace"":""AWS\/EC2"",""region"":""us-west-1"",""value"":22.106735837043537,""timestamp"":""2023-03-19T23:00:00.000Z""}"
ami-018d291ca9ffc002f,CPUUtilization,AWS/EC2,,CPUUtilization,5,us-west-1,,,Average,Percent,22.106735837043537,
ami-018d291ca9ffc002f,CPUUtilization,AWS/EC2,demo2,CPUUtilization,5,us-west-1,1679271710,,Average,Percent,22.54999339383611,"{""period"":5,""statistic"":""Average"",""logfile"":""cloudwatch"",""source"":""cloudwatch"",""serverHost"":""cloudwatch-us-west-1"",""unit"":""Percent"",""path1"":""CPUUtilization"",""metric"":""CPUUtilization"",""ImageId"":""ami-018d291ca9ffc002f"",""namespace"":""AWS\/EC2"",""region"":""us-west-1"",""value"":22.54999339383611,""timestamp"":""2023-03-19T23:05:00.000Z""}"
ami-018d291ca9ffc002f,CPUUtilization,AWS/EC2,,CPUUtilization,5,us-west-1,,,Average,Percent,22.54999339383611,
ami-018d291ca9ffc002f,CPUUtilization,AWS/EC2,demo2,CPUUtilization,5,us-west-1,1679272191,,Average,Percent,21.873407563977917,"{""period"":5,""statistic"":""Average"",""logfile"":""cloudwatch"",""source"":""cloudwatch"",""serverHost"":""cloudwatch-us-west-1"",""unit"":""Percent"",""path1"":""CPUUtilization"",""metric"":""CPUUtilization"",""ImageId"":""ami-018d291ca9ffc002f"",""namespace"":""AWS\/EC2"",""region"":""us-west-1"",""value"":21.873407563977917,""timestamp"":""2023-03-19T23:10:00.000Z""}"
ami-018d291ca9ffc002f,CPUUtilization,AWS/EC2,,CPUUtilization,5,us-west-1,,,Average,Percent,21.873407563977917,
ami-018d291ca9ffc002f,CPUUtilization,AWS/EC2,demo2,CPUUtilization,5,us-west-1,1679272250,,Average,Percent,22.438017173705262,"{""period"":5,""statistic"":""Average"",""logfile"":""cloudwatch"",""source"":""cloudwatch"",""serverHost"":""cloudwatch-us-west-1"",""unit"":""Percent"",""path1"":""CPUUtilization"",""metric"":""CPUUtilization"",""ImageId"":""ami-018d291ca9ffc002f"",""namespace"":""AWS\/EC2"",""region"":""us-west-1"",""value"":22.438017173705262,""timestamp"":""2023-03-19T23:15:00.000Z""}"
ami-018d291ca9ffc002f,CPUUtilization,AWS/EC2,,CPUUtilization,5,us-west-1,,,Average,Percent,22.438017173705262,
ami-018d291ca9ffc002f,CPUUtilization,AWS/EC2,demo2,CPUUtilization,5,us-west-1,1679272310,,Average,Percent,22.28688679112462,"{""period"":5,""statistic"":""Average"",""logfile"":""cloudwatch"",""source"":""cloudwatch"",""serverHost"":""cloudwatch-us-west-1"",""unit"":""Percent"",""path1"":""CPUUtilization"",""metric"":""CPUUtilization"",""ImageId"":""ami-018d291ca9ffc002f"",""namespace"":""AWS\/EC2"",""region"":""us-west-1"",""value"":22.28688679112462,""timestamp"":""2023-03-19T23:20:00.000Z""}"
ami-018d291ca9ffc002f,CPUUtilization,AWS/EC2,,CPUUtilization,5,us-west-1,,,Average,Percent,22.28688679112462,
ami-018d291ca9ffc002f,CPUUtilization,AWS/EC2,demo2,CPUUtilization,5,us-west-1,1679272970,,Average,Percent,21.92500203029028,"{""period"":5,""statistic"":""Average"",""logfile"":""cloudwatch"",""source"":""cloudwatch"",""serverHost"":""cloudwatch-us-west-1"",""unit"":""Percent"",""path1"":""CPUUtilization"",""metric"":""CPUUtilization"",""ImageId"":""ami-018d291ca9ffc002f"",""namespace"":""AWS\/EC2"",""region"":""us-west-1"",""value"":21.92500203029028,""timestamp"":""2023-03-19T23:25:00.000Z""}"
ami-018d291ca9ffc002f,CPUUtilization,AWS/EC2,,CPUUtilization,5,us-west-1,,,Average,Percent,21.92500203029028,
ami-018d291ca9ffc002f,CPUUtilization,AWS/EC2,demo2,CPUUtilization,5,us-west-1,1679272849,,Average,Percent,21.95166819689583,"{""period"":5,""statistic"":""Average"",""logfile"":""cloudwatch"",""source"":""cloudwatch"",""serverHost"":""cloudwatch-us-west-1"",""unit"":""Percent"",""path1"":""CPUUtilization"",""metric"":""CPUUtilization"",""ImageId"":""ami-018d291ca9ffc002f"",""namespace"":""AWS\/EC2"",""region"":""us-west-1"",""value"":21.95166819689583,""timestamp"":""2023-03-19T23:30:00.000Z""}"
ami-018d291ca9ffc002f,CPUUtilization,AWS/EC2,,CPUUtilization,5,us-west-1,,,Average,Percent,21.95166819689583,
ami-018d291ca9ffc002f,CPUUtilization,AWS/EC2,demo2,CPUUtilization,5,us-west-1,1679273509,,Average,Percent,21.86996648306652,"{""period"":5,""statistic"":""Average"",""logfile"":""cloudwatch"",""source"":""cloudwatch"",""serverHost"":""cloudwatch-us-west-1"",""unit"":""Percent"",""path1"":""CPUUtilization"",""metric"":""CPUUtilization"",""ImageId"":""ami-018d291ca9ffc002f"",""namespace"":""AWS\/EC2"",""region"":""us-west-1"",""value"":21.86996648306652,""timestamp"":""2023-03-19T23:35:00.000Z""}"
ami-018d291ca9ffc002f,CPUUtilization,AWS/EC2,,CPUUtilization,5,us-west-1,,,Average,Percent,21.86996648306652,
ami-018d291ca9ffc002f,CPUUtilization,AWS/EC2,demo2,CPUUtilization,5,us-west-1,1679274109,,Average,Percent,22.245068864799556,"{""period"":5,""statistic"":""Average"",""logfile"":""cloudwatch"",""source"":""cloudwatch"",""serverHost"":""cloudwatch-us-west-1"",""unit"":""Percent"",""path1"":""CPUUtilization"",""metric"":""CPUUtilization"",""ImageId"":""ami-018d291ca9ffc002f"",""namespace"":""AWS\/EC2"",""region"":""us-west-1"",""value"":22.245068864799556,""timestamp"":""2023-03-19T23:40:00.000Z""}"
ami-018d291ca9ffc002f,CPUUtilization,AWS/EC2,,CPUUtilization,5,us-west-1,,,Average,Percent,22.245068864799556,
ami-018d291ca9ffc002f,CPUUtilization,AWS/EC2,demo2,CPUUtilization,5,us-west-1,1679273570,,Average,Percent,22.044916311902163,"{""period"":5,""statistic"":""Average"",""logfile"":""cloudwatch"",""source"":""cloudwatch"",""serverHost"":""cloudwatch-us-west-1"",""unit"":""Percent"",""path1"":""CPUUtilization"",""metric"":""CPUUtilization"",""ImageId"":""ami-018d291ca9ffc002f"",""namespace"":""AWS\/EC2"",""region"":""us-west-1"",""value"":22.044916311902163,""timestamp"":""2023-03-19T23:45:00.000Z""}"
ami-018d291ca9ffc002f,CPUUtilization,AWS/EC2,,CPUUtilization,5,us-west-1,,,Average,Percent,22.044916311902163,
ami-018d291ca9ffc002f,CPUUtilization,AWS/EC2,demo2,CPUUtilization,5,us-west-1,1679274709,,Average,Percent,21.706661169134257,"{""period"":5,""statistic"":""Average"",""logfile"":""cloudwatch"",""source"":""cloudwatch"",""serverHost"":""cloudwatch-us-west-1"",""unit"":""Percent"",""path1"":""CPUUtilization"",""metric"":""CPUUtilization"",""ImageId"":""ami-018d291ca9ffc002f"",""namespace"":""AWS\/EC2"",""region"":""us-west-1"",""value"":21.706661169134257,""timestamp"":""2023-03-19T23:50:00.000Z""}"
ami-018d291ca9ffc002f,CPUUtilization,AWS/EC2,,CPUUtilization,5,us-west-1,,,Average,Percent,21.706661169134257,
ami-018d291ca9ffc002f,CPUUtilization,AWS/EC2,demo2,CPUUtilization,5,us-west-1,1679274709,,Average,Percent,22.12167397973948,"{""period"":5,""statistic"":""Average"",""logfile"":""cloudwatch"",""source"":""cloudwatch"",""serverHost"":""cloudwatch-us-west-1"",""unit"":""Percent"",""path1"":""CPUUtilization"",""metric"":""CPUUtilization"",""ImageId"":""ami-018d291ca9ffc002f"",""namespace"":""AWS\/EC2"",""region"":""us-west-1"",""value"":22.12167397973948,""timestamp"":""2023-03-19T23:55:00.000Z""}"
ami-018d291ca9ffc002f,CPUUtilization,AWS/EC2,,CPUUtilization,5,us-west-1,,,Average,Percent,22.12167397973948,
ami-018d291ca9ffc002f,CPUUtilization,AWS/EC2,demo2,CPUUtilization,5,us-west-1,1679274949,,Average,Percent,21.99492108700877,"{""period"":5,""statistic"":""Average"",""logfile"":""cloudwatch"",""source"":""cloudwatch"",""serverHost"":""cloudwatch-us-west-1"",""unit"":""Percent"",""path1"":""CPUUtilization"",""metric"":""CPUUtilization"",""ImageId"":""ami-018d291ca9ffc002f"",""namespace"":""AWS\/EC2"",""region"":""us-west-1"",""value"":21.99492108700877,""timestamp"":""2023-03-20T00:00:00.000Z""}"
ami-018d291ca9ffc002f,CPUUtilization,AWS/EC2,,CPUUtilization,5,us-west-1,,,Average,Percent,21.99492108700877,
ami-018d291ca9ffc002f,CPUUtilization,AWS/EC2,demo2,CPUUtilization,5,us-west-1,1679275909,,Average,Percent,22.316714216785634,"{""period"":5,""statistic"":""Average"",""logfile"":""cloudwatch"",""source"":""cloudwatch"",""serverHost"":""cloudwatch-us-west-1"",""unit"":""Percent"",""path1"":""CPUUtilization"",""metric"":""CPUUtilization"",""ImageId"":""ami-018d291ca9ffc002f"",""namespace"":""AWS\/EC2"",""region"":""us-west-1"",""value"":22.316714216785634,""timestamp"":""2023-03-20T00:05:00.000Z""}"
ami-018d291ca9ffc002f,CPUUtilization,AWS/EC2,,CPUUtilization,5,us-west-1,,,Average,Percent,22.316714216785634,
ami-018d291ca9ffc002f,CPUUtilization,AWS/EC2,demo2,CPUUtilization,5,us-west-1,1679275668,,Average,Percent,21.846662085784722,"{""period"":5,""statistic"":""Average"",""logfile"":""cloudwatch"",""source"":""cloudwatch"",""serverHost"":""cloudwatch-us-west-1"",""unit"":""Percent"",""path1"":""CPUUtilization"",""metric"":""CPUUtilization"",""ImageId"":""ami-018d291ca9ffc002f"",""namespace"":""AWS\/EC2"",""region"":""us-west-1"",""value"":21.846662085784722,""timestamp"":""2023-03-20T00:10:00.000Z""}"
ami-018d291ca9ffc002f,CPUUtilization,AWS/EC2,,CPUUtilization,5,us-west-1,,,Average,Percent,21.846662085784722,
ami-018d291ca9ffc002f,CPUUtilization,AWS/EC2,demo2,CPUUtilization,5,us-west-1,1679276809,,Average,Percent,22.151670285118396,"{""period"":5,""statistic"":""Average"",""logfile"":""cloudwatch"",""source"":""cloudwatch"",""serverHost"":""cloudwatch-us-west-1"",""unit"":""Percent"",""path1"":""CPUUtilization"",""metric"":""CPUUtilization"",""ImageId"":""ami-018d291ca9ffc002f"",""namespace"":""AWS\/EC2"",""region"":""us-west-1"",""value"":22.151670285118396,""timestamp"":""2023-03-20T00:15:00.000Z""}"
ami-018d291ca9ffc002f,CPUUtilization,AWS/EC2,,CPUUtilization,5,us-west-1,,,Average,Percent,22.151670285118396,
ami-018d291ca9ffc002f,CPUUtilization,AWS/EC2,demo2,CPUUtilization,5,us-west-1,1679276209,,Average,Percent,21.500000842866786,"{""period"":5,""statistic"":""Average"",""logfile"":""cloudwatch"",""source"":""cloudwatch"",""serverHost"":""cloudwatch-us-west-1"",""unit"":""Percent"",""path1"":""CPUUtilization"",""metric"":""CPUUtilization"",""ImageId"":""ami-018d291ca9ffc002f"",""namespace"":""AWS\/EC2"",""region"":""us-west-1"",""value"":21.500000842866786,""timestamp"":""2023-03-20T00:20:00.000Z""}"
ami-018d291ca9ffc002f,CPUUtilization,AWS/EC2,,CPUUtilization,5,us-west-1,,,Average,Percent,21.500000842866786,
ami-018d291ca9ffc002f,CPUUtilization,AWS/EC2,demo2,CPUUtilization,5,us-west-1,1679276808,,Average,Percent,22.003334451584376,"{""period"":5,""statistic"":""Average"",""logfile"":""cloudwatch"",""source"":""cloudwatch"",""serverHost"":""cloudwatch-us-west-1"",""unit"":""Percent"",""path1"":""CPUUtilization"",""metric"":""CPUUtilization"",""ImageId"":""ami-018d291ca9ffc002f"",""namespace"":""AWS\/EC2"",""region"":""us-west-1"",""value"":22.003334451584376,""timestamp"":""2023-03-20T00:25:00.000Z""}"
ami-018d291ca9ffc002f,CPUUtilization,AWS/EC2,,CPUUtilization,5,us-west-1,,,Average,Percent,22.003334451584376,
ami-018d291ca9ffc002f,CPUUtilization,AWS/EC2,demo2,CPUUtilization,5,us-west-1,1679276509,,Average,Percent,21.549997030199535,"{""period"":5,""statistic"":""Average"",""logfile"":""cloudwatch"",""source"":""cloudwatch"",""serverHost"":""cloudwatch-us-west-1"",""unit"":""Percent"",""path1"":""CPUUtilization"",""metric"":""CPUUtilization"",""ImageId"":""ami-018d291ca9ffc002f"",""namespace"":""AWS\/EC2"",""region"":""us-west-1"",""value"":21.549997030199535,""timestamp"":""2023-03-20T00:30:00.000Z""}"
ami-018d291ca9ffc002f,CPUUtilization,AWS/EC2,,CPUUtilization,5,us-west-1,,,Average,Percent,21.549997030199535,
ami-018d291ca9ffc002f,CPUUtilization,AWS/EC2,demo2,CPUUtilization,5,us-west-1,1679277410,,Average,Percent,22.221666671602776,"{""period"":5,""statistic"":""Average"",""logfile"":""cloudwatch"",""source"":""cloudwatch"",""serverHost"":""cloudwatch-us-west-1"",""unit"":""Percent"",""path1"":""CPUUtilization"",""metric"":""CPUUtilization"",""ImageId"":""ami-018d291ca9ffc002f"",""namespace"":""AWS\/EC2"",""region"":""us-west-1"",""value"":22.221666671602776,""timestamp"":""2023-03-20T00:35:00.000Z""}"
ami-018d291ca9ffc002f,CPUUtilization,AWS/EC2,,CPUUtilization,5,us-west-1,,,Average,Percent,22.221666671602776,
ami-018d291ca9ffc002f,CPUUtilization,AWS/EC2,demo2,CPUUtilization,5,us-west-1,1679277649,,Average,Percent,22.326666705851853,"{""period"":5,""statistic"":""Average"",""logfile"":""cloudwatch"",""source"":""cloudwatch"",""serverHost"":""cloudwatch-us-west-1"",""unit"":""Percent"",""path1"":""CPUUtilization"",""metric"":""CPUUtilization"",""ImageId"":""ami-018d291ca9ffc002f"",""namespace"":""AWS\/EC2"",""region"":""us-west-1"",""value"":22.326666705851853,""timestamp"":""2023-03-20T00:40:00.000Z""}"
ami-018d291ca9ffc002f,CPUUtilization,AWS/EC2,,CPUUtilization,5,us-west-1,,,Average,Percent,22.326666705851853,
ami-018d291ca9ffc002f,CPUUtilization,AWS/EC2,demo2,CPUUtilization,5,us-west-1,1679278489,,Average,Percent,22.269922698109703,"{""period"":5,""statistic"":""Average"",""logfile"":""cloudwatch"",""source"":""cloudwatch"",""serverHost"":""cloudwatch-us-west-1"",""unit"":""Percent"",""path1"":""CPUUtilization"",""metric"":""CPUUtilization"",""ImageId"":""ami-018d291ca9ffc002f"",""namespace"":""AWS\/EC2"",""region"":""us-west-1"",""value"":22.269922698109703,""timestamp"":""2023-03-20T00:45:00.000Z""}"
ami-018d291ca9ffc002f,CPUUtilization,AWS/EC2,,CPUUtilization,5,us-west-1,,,Average,Percent,22.269922698109703,
ami-018d291ca9ffc002f,CPUUtilization,AWS/EC2,demo2,CPUUtilization,5,us-west-1,1679278548,,Average,Percent,22.198408140135665,"{""period"":5,""statistic"":""Average"",""logfile"":""cloudwatch"",""source"":""cloudwatch"",""serverHost"":""cloudwatch-us-west-1"",""unit"":""Percent"",""path1"":""CPUUtilization"",""metric"":""CPUUtilization"",""ImageId"":""ami-018d291ca9ffc002f"",""namespace"":""AWS\/EC2"",""region"":""us-west-1"",""value"":22.198408140135665,""timestamp"":""2023-03-20T00:50:00.000Z""}"
ami-018d291ca9ffc002f,CPUUtilization,AWS/EC2,,CPUUtilization,5,us-west-1,,,Average,Percent,22.198408140135665,
ami-018d291ca9ffc002f,CPUUtilization,AWS/EC2,demo2,CPUUtilization,5,us-west-1,1679279210,,Average,Percent,22.178334810154457,"{""period"":5,""statistic"":""Average"",""logfile"":""cloudwatch"",""source"":""cloudwatch"",""serverHost"":""cloudwatch-us-west-1"",""unit"":""Percent"",""path1"":""CPUUtilization"",""metric"":""CPUUtilization"",""ImageId"":""ami-018d291ca9ffc002f"",""namespace"":""AWS\/EC2"",""region"":""us-west-1"",""value"":22.178334810154457,""timestamp"":""2023-03-20T00:55:00.000Z""}"
ami-018d291ca9ffc002f,CPUUtilization,AWS/EC2,,CPUUtilization,5,us-west-1,,,Average,Percent,22.178334810154457,
ami-018d291ca9ffc002f,CPUUtilization,AWS/EC2,demo2,CPUUtilization,5,us-west-1,1679279508,,Average,Percent,22.256664724713893,"{""period"":5,""statistic"":""Average"",""logfile"":""cloudwatch"",""source"":""cloudwatch"",""serverHost"":""cloudwatch-us-west-1"",""unit"":""Percent"",""path1"":""CPUUtilization"",""metric"":""CPUUtilization"",""ImageId"":""ami-018d291ca9ffc002f"",""namespace"":""AWS\/EC2"",""region"":""us-west-1"",""value"":22.256664724713893,""timestamp"":""2023-03-20T01:00:00.000Z""}"
ami-018d291ca9ffc002f,CPUUtilization,AWS/EC2,,CPUUtilization,5,us-west-1,,,Average,Percent,22.256664724713893,
ami-018d291ca9ffc002f,CPUUtilization,AWS/EC2,demo2,CPUUtilization,5,us-west-1,1679278968,,Average,Percent,22.45006007685834,"{""period"":5,""statistic"":""Average"",""logfile"":""cloudwatch"",""source"":""cloudwatch"",""serverHost"":""cloudwatch-us-west-1"",""unit"":""Percent"",""path1"":""CPUUtilization"",""metric"":""CPUUtilization"",""ImageId"":""ami-018d291ca9ffc002f"",""namespace"":""AWS\/EC2"",""region"":""us-west-1"",""value"":22.45006007685834,""timestamp"":""2023-03-20T01:05:00.000Z""}"
ami-018d291ca9ffc002f,CPUUtilization,AWS/EC2,,CPUUtilization,5,us-west-1,,,Average,Percent,22.45006007685834,
ami-018d291ca9ffc002f,CPUUtilization,AWS/EC2,demo2,CPUUtilization,5,us-west-1,1679280108,,Average,Percent,22.251672928935655,"{""period"":5,""statistic"":""Average"",""logfile"":""cloudwatch"",""source"":""cloudwatch"",""serverHost"":""cloudwatch-us-west-1"",""unit"":""Percent"",""path1"":""CPUUtilization"",""metric"":""CPUUtilization"",""ImageId"":""ami-018d291ca9ffc002f"",""namespace"":""AWS\/EC2"",""region"":""us-west-1"",""value"":22.251672928935655,""timestamp"":""2023-03-20T01:10:00.000Z""}"
ami-018d291ca9ffc002f,CPUUtilization,AWS/EC2,,CPUUtilization,5,us-west-1,,,Average,Percent,22.251672928935655,
ami-018d291ca9ffc002f,CPUUtilization,AWS/EC2,demo2,CPUUtilization,5,us-west-1,1679279809,,Average,Percent,22.618258309257847,"{""period"":5,""statistic"":""Average"",""logfile"":""cloudwatch"",""source"":""cloudwatch"",""serverHost"":""cloudwatch-us-west-1"",""unit"":""Percent"",""path1"":""CPUUtilization"",""metric"":""CPUUtilization"",""ImageId"":""ami-018d291ca9ffc002f"",""namespace"":""AWS\/EC2"",""region"":""us-west-1"",""value"":22.618258309257847,""timestamp"":""2023-03-20T01:15:00.000Z""}"
ami-018d291ca9ffc002f,CPUUtilization,AWS/EC2,,CPUUtilization,5,us-west-1,,,Average,Percent,22.618258309257847,
ami-018d291ca9ffc002f,CPUUtilization,AWS/EC2,demo2,CPUUtilization,5,us-west-1,1679280109,,Average,Percent,22.158339643825464,"{""period"":5,""statistic"":""Average"",""logfile"":""cloudwatch"",""source"":""cloudwatch"",""serverHost"":""cloudwatch-us-west-1"",""unit"":""Percent"",""path1"":""CPUUtilization"",""metric"":""CPUUtilization"",""ImageId"":""ami-018d291ca9ffc002f"",""namespace"":""AWS\/EC2"",""region"":""us-west-1"",""value"":22.158339643825464,""timestamp"":""2023-03-20T01:20:00.000Z""}"
ami-018d291ca9ffc002f,CPUUtilization,AWS/EC2,,CPUUtilization,5,us-west-1,,,Average,Percent,22.158339643825464,
ami-018d291ca9ffc002f,CPUUtilization,AWS/EC2,demo2,CPUUtilization,5,us-west-1,1679280108,,Average,Percent,22.426574402466322,"{""period"":5,""statistic"":""Average"",""logfile"":""cloudwatch"",""source"":""cloudwatch"",""serverHost"":""cloudwatch-us-west-1"",""unit"":""Percent"",""path1"":""CPUUtilization"",""metric"":""CPUUtilization"",""ImageId"":""ami-018d291ca9ffc002f"",""namespace"":""AWS\/EC2"",""region"":""us-west-1"",""value"":22.426574402466322,""timestamp"":""2023-03-20T01:25:00.000Z""}"
ami-018d291ca9ffc002f,CPUUtilization,AWS/EC2,,CPUUtilization,5,us-west-1,,,Average,Percent,22.426574402466322,
ami-018d291ca9ffc002f,CPUUtilization,AWS/EC2,demo2,CPUUtilization,5,us-west-1,1679281308,,Average,Percent,22.15673658701715,"{""period"":5,""statistic"":""Average"",""logfile"":""cloudwatch"",""source"":""cloudwatch"",""serverHost"":""cloudwatch-us-west-1"",""unit"":""Percent"",""path1"":""CPUUtilization"",""metric"":""CPUUtilization"",""ImageId"":""ami-018d291ca9ffc002f"",""namespace"":""AWS\/EC2"",""region"":""us-west-1"",""value"":22.15673658701715,""timestamp"":""2023-03-20T01:30:00.000Z""}"
ami-018d291ca9ffc002f,CPUUtilization,AWS/EC2,,CPUUtilization,5,us-west-1,,,Average,Percent,22.15673658701715,
ami-018d291ca9ffc002f,CPUUtilization,AWS/EC2,demo2,CPUUtilization,5,us-west-1,1679280949,,Average,Percent,22.668325919218056,"{""period"":5,""statistic"":""Average"",""logfile"":""cloudwatch"",""source"":""cloudwatch"",""serverHost"":""cloudwatch-us-west-1"",""unit"":""Percent"",""path1"":""CPUUtilization"",""metric"":""CPUUtilization"",""ImageId"":""ami-018d291ca9ffc002f"",""namespace"":""AWS\/EC2"",""region"":""us-west-1"",""value"":22.668325919218056,""timestamp"":""2023-03-20T01:35:00.000Z""}"
ami-018d291ca9ffc002f,CPUUtilization,AWS/EC2,,CPUUtilization,5,us-west-1,,,Average,Percent,22.668325919218056,
ami-018d291ca9ffc002f,CPUUtilization,AWS/EC2,demo2,CPUUtilization,5,us-west-1,1679281908,,Average,Percent,22.468180891429586,"{""period"":5,""statistic"":""Average"",""logfile"":""cloudwatch"",""source"":""cloudwatch"",""serverHost"":""cloudwatch-us-west-1"",""unit"":""Percent"",""path1"":""CPUUtilization"",""metric"":""CPUUtilization"",""ImageId"":""ami-018d291ca9ffc002f"",""namespace"":""AWS\/EC2"",""region"":""us-west-1"",""value"":22.468180891429586,""timestamp"":""2023-03-20T01:40:00.000Z""}"
ami-018d291ca9ffc002f,CPUUtilization,AWS/EC2,,CPUUtilization,5,us-west-1,,,Average,Percent,22.468180891429586,
ami-018d291ca9ffc002f,CPUUtilization,AWS/EC2,demo2,CPUUtilization,5,us-west-1,1679281608,,Average,Percent,22.686739119882553,"{""period"":5,""statistic"":""Average"",""logfile"":""cloudwatch"",""source"":""cloudwatch"",""serverHost"":""cloudwatch-us-west-1"",""unit"":""Percent"",""path1"":""CPUUtilization"",""metric"":""CPUUtilization"",""ImageId"":""ami-018d291ca9ffc002f"",""namespace"":""AWS\/EC2"",""region"":""us-west-1"",""value"":22.686739119882553,""timestamp"":""2023-03-20T01:45:00.000Z""}"
ami-018d291ca9ffc002f,CPUUtilization,AWS/EC2,,CPUUtilization,5,us-west-1,,,Average,Percent,22.686739119882553,
ami-018d291ca9ffc002f,CPUUtilization,AWS/EC2,demo2,CPUUtilization,5,us-west-1,1679281901,,Average,Percent,22.10342399311359,"{""period"":5,""statistic"":""Average"",""logfile"":""cloudwatch"",""source"":""cloudwatch"",""serverHost"":""cloudwatch-us-west-1"",""unit"":""Percent"",""path1"":""CPUUtilization"",""metric"":""CPUUtilization"",""ImageId"":""ami-018d291ca9ffc002f"",""namespace"":""AWS\/EC2"",""region"":""us-west-1"",""value"":22.10342399311359,""timestamp"":""2023-03-20T01:50:00.000Z""}"
ami-018d291ca9ffc002f,CPUUtilization,AWS/EC2,,CPUUtilization,5,us-west-1,,,Average,Percent,22.10342399311359,
ami-018d291ca9ffc002f,CPUUtilization,AWS/EC2,demo2,CPUUtilization,5,us-west-1,1679282808,,Average,Percent,22.578184851056314,"{""period"":5,""statistic"":""Average"",""logfile"":""cloudwatch"",""source"":""cloudwatch"",""serverHost"":""cloudwatch-us-west-1"",""unit"":""Percent"",""path1"":""CPUUtilization"",""metric"":""CPUUtilization"",""ImageId"":""ami-018d291ca9ffc002f"",""namespace"":""AWS\/EC2"",""region"":""us-west-1"",""value"":22.578184851056314,""timestamp"":""2023-03-20T01:55:00.000Z""}"
ami-018d291ca9ffc002f,CPUUtilization,AWS/EC2,,CPUUtilization,5,us-west-1,,,Average,Percent,22.578184851056314,
ami-018d291ca9ffc002f,CPUUtilization,AWS/EC2,demo2,CPUUtilization,5,us-west-1,1679282508,,Average,Percent,22.418477560363122,"{""period"":5,""statistic"":""Average"",""logfile"":""cloudwatch"",""source"":""cloudwatch"",""serverHost"":""cloudwatch-us-west-1"",""unit"":""Percent"",""path1"":""CPUUtilization"",""metric"":""CPUUtilization"",""ImageId"":""ami-018d291ca9ffc002f"",""namespace"":""AWS\/EC2"",""region"":""us-west-1"",""value"":22.418477560363122,""timestamp"":""2023-03-20T02:00:00.000Z""}"
ami-018d291ca9ffc002f,CPUUtilization,AWS/EC2,,CPUUtilization,5,us-west-1,,,Average,Percent,22.418477560363122,
ami-018d291ca9ffc002f,CPUUtilization,AWS/EC2,demo2,CPUUtilization,5,us-west-1,1679283407,,Average,Percent,22.503336484085573,"{""period"":5,""statistic"":""Average"",""logfile"":""cloudwatch"",""source"":""cloudwatch"",""serverHost"":""cloudwatch-us-west-1"",""unit"":""Percent"",""path1"":""CPUUtilization"",""metric"":""CPUUtilization"",""ImageId"":""ami-018d291ca9ffc002f"",""namespace"":""AWS\/EC2"",""region"":""us-west-1"",""value"":22.503336484085573,""timestamp"":""2023-03-20T02:05:00.000Z""}"
ami-018d291ca9ffc002f,CPUUtilization,AWS/EC2,,CPUUtilization,5,us-west-1,,,Average,Percent,22.503336484085573,
ami-018d291ca9ffc002f,CPUUtilization,AWS/EC2,demo2,CPUUtilization,5,us-west-1,1679283408,,Average,Percent,22.512936699719468,"{""period"":5,""statistic"":""Average"",""logfile"":""cloudwatch"",""source"":""cloudwatch"",""serverHost"":""cloudwatch-us-west-1"",""unit"":""Percent"",""path1"":""CPUUtilization"",""metric"":""CPUUtilization"",""ImageId"":""ami-018d291ca9ffc002f"",""namespace"":""AWS\/EC2"",""region"":""us-west-1"",""value"":22.512936699719468,""timestamp"":""2023-03-20T02:10:00.000Z""}"
ami-018d291ca9ffc002f,CPUUtilization,AWS/EC2,,CPUUtilization,5,us-west-1,,,Average,Percent,22.512936699719468,
ami-018d291ca9ffc002f,CPUUtilization,AWS/EC2,demo2,CPUUtilization,5,us-west-1,1679284007,,Average,Percent,22.35203122558421,"{""period"":5,""statistic"":""Average"",""logfile"":""cloudwatch"",""source"":""cloudwatch"",""serverHost"":""cloudwatch-us-west-1"",""unit"":""Percent"",""path1"":""CPUUtilization"",""metric"":""CPUUtilization"",""ImageId"":""ami-018d291ca9ffc002f"",""namespace"":""AWS\/EC2"",""region"":""us-west-1"",""value"":22.35203122558421,""timestamp"":""2023-03-20T02:15:00.000Z""}"
ami-018d291ca9ffc002f,CPUUtilization,AWS/EC2,,CPUUtilization,5,us-west-1,,,Average,Percent,22.35203122558421,
ami-018d291ca9ffc002f,CPUUtilization,AWS/EC2,demo2,CPUUtilization,5,us-west-1,1679283948,,Average,Percent,22.54818183585829,"{""period"":5,""statistic"":""Average"",""logfile"":""cloudwatch"",""source"":""cloudwatch"",""serverHost"":""cloudwatch-us-west-1"",""unit"":""Percent"",""path1"":""CPUUtilization"",""metric"":""CPUUtilization"",""ImageId"":""ami-018d291ca9ffc002f"",""namespace"":""AWS\/EC2"",""region"":""us-west-1"",""value"":22.54818183585829,""timestamp"":""2023-03-20T02:20:00.000Z""}"
ami-018d291ca9ffc002f,CPUUtilization,AWS/EC2,,CPUUtilization,5,us-west-1,,,Average,Percent,22.54818183585829,
ami-018d291ca9ffc002f,CPUUtilization,AWS/EC2,demo2,CPUUtilization,5,us-west-1,1679284307,,Average,Percent,22.366748231199228,"{""period"":5,""statistic"":""Average"",""logfile"":""cloudwatch"",""source"":""cloudwatch"",""serverHost"":""cloudwatch-us-west-1"",""unit"":""Percent"",""path1"":""CPUUtilization"",""metric"":""CPUUtilization"",""ImageId"":""ami-018d291ca9ffc002f"",""namespace"":""AWS\/EC2"",""region"":""us-west-1"",""value"":22.366748231199228,""timestamp"":""2023-03-20T02:25:00.000Z""}"
ami-018d291ca9ffc002f,CPUUtilization,AWS/EC2,,CPUUtilization,5,us-west-1,,,Average,Percent,22.366748231199228,
ami-018d291ca9ffc002f,CPUUtilization,AWS/EC2,demo2,CPUUtilization,5,us-west-1,1679284908,,Average,Percent,22.00681478353659,"{""period"":5,""statistic"":""Average"",""logfile"":""cloudwatch"",""source"":""cloudwatch"",""serverHost"":""cloudwatch-us-west-1"",""unit"":""Percent"",""path1"":""CPUUtilization"",""metric"":""CPUUtilization"",""ImageId"":""ami-018d291ca9ffc002f"",""namespace"":""AWS\/EC2"",""region"":""us-west-1"",""value"":22.00681478353659,""timestamp"":""2023-03-20T02:30:00.000Z""}"
ami-018d291ca9ffc002f,CPUUtilization,AWS/EC2,,CPUUtilization,5,us-west-1,,,Average,Percent,22.00681478353659,
ami-018d291ca9ffc002f,CPUUtilization,AWS/EC2,demo2,CPUUtilization,5,us-west-1,1679285081,,Average,Percent,22.364998350841788,"{""period"":5,""statistic"":""Average"",""logfile"":""cloudwatch"",""source"":""cloudwatch"",""serverHost"":""cloudwatch-us-west-1"",""unit"":""Percent"",""path1"":""CPUUtilization"",""metric"":""CPUUtilization"",""ImageId"":""ami-018d291ca9ffc002f"",""namespace"":""AWS\/EC2"",""region"":""us-west-1"",""value"":22.364998350841788,""timestamp"":""2023-03-20T02:35:00.000Z""}"
ami-018d291ca9ffc002f,CPUUtilization,AWS/EC2,,CPUUtilization,5,us-west-1,,,Average,Percent,22.364998350841788,
ami-018d291ca9ffc002f,CPUUtilization,AWS/EC2,demo2,CPUUtilization,5,us-west-1,1679285507,,Average,Percent,22.009854807975422,"{""period"":5,""statistic"":""Average"",""logfile"":""cloudwatch"",""source"":""cloudwatch"",""serverHost"":""cloudwatch-us-west-1"",""unit"":""Percent"",""path1"":""CPUUtilization"",""metric"":""CPUUtilization"",""ImageId"":""ami-018d291ca9ffc002f"",""namespace"":""AWS\/EC2"",""region"":""us-west-1"",""value"":22.009854807975422,""timestamp"":""2023-03-20T02:40:00.000Z""}"
ami-018d291ca9ffc002f,CPUUtilization,AWS/EC2,,CPUUtilization,5,us-west-1,,,Average,Percent,22.009854807975422,
ami-018d291ca9ffc002f,CPUUtilization,AWS/EC2,demo2,CPUUtilization,5,us-west-1,1679285807,,Average,Percent,22.385081038915303,"{""period"":5,""statistic"":""Average"",""logfile"":""cloudwatch"",""source"":""cloudwatch"",""serverHost"":""cloudwatch-us-west-1"",""unit"":""Percent"",""path1"":""CPUUtilization"",""metric"":""CPUUtilization"",""ImageId"":""ami-018d291ca9ffc002f"",""namespace"":""AWS\/EC2"",""region"":""us-west-1"",""value"":22.385081038915303,""timestamp"":""2023-03-20T02:45:00.000Z""}"
ami-018d291ca9ffc002f,CPUUtilization,AWS/EC2,,CPUUtilization,5,us-west-1,,,Average,Percent,22.385081038915303,
ami-018d291ca9ffc002f,CPUUtilization,AWS/EC2,demo2,CPUUtilization,5,us-west-1,1679286707,,Average,Percent,21.751595258542913,"{""period"":5,""statistic"":""Average"",""logfile"":""cloudwatch"",""source"":""cloudwatch"",""serverHost"":""cloudwatch-us-west-1"",""unit"":""Percent"",""path1"":""CPUUtilization"",""metric"":""CPUUtilization"",""ImageId"":""ami-018d291ca9ffc002f"",""namespace"":""AWS\/EC2"",""region"":""us-west-1"",""value"":21.751595258542913,""timestamp"":""2023-03-20T02:50:00.000Z""}"
ami-018d291ca9ffc002f,CPUUtilization,AWS/EC2,,CPUUtilization,5,us-west-1,,,Average,Percent,21.751595258542913,
ami-018d291ca9ffc002f,CPUUtilization,AWS/EC2,demo2,CPUUtilization,5,us-west-1,1679286707,,Average,Percent,22.175074811715298,"{""period"":5,""statistic"":""Average"",""logfile"":""cloudwatch"",""source"":""cloudwatch"",""serverHost"":""cloudwatch-us-west-1"",""unit"":""Percent"",""path1"":""CPUUtilization"",""metric"":""CPUUtilization"",""ImageId"":""ami-018d291ca9ffc002f"",""namespace"":""AWS\/EC2"",""region"":""us-west-1"",""value"":22.175074811715298,""timestamp"":""2023-03-20T02:55:00.000Z""}"
ami-018d291ca9ffc002f,CPUUtilization,AWS/EC2,,CPUUtilization,5,us-west-1,,,Average,Percent,22.175074811715298,
ami-018d291ca9ffc002f,CPUUtilization,AWS/EC2,demo2,CPUUtilization,5,us-west-1,1679287007,,Average,Percent,21.923188004844285,"{""period"":5,""statistic"":""Average"",""logfile"":""cloudwatch"",""source"":""cloudwatch"",""serverHost"":""cloudwatch-us-west-1"",""unit"":""Percent"",""path1"":""CPUUtilization"",""metric"":""CPUUtilization"",""ImageId"":""ami-018d291ca9ffc002f"",""namespace"":""AWS\/EC2"",""region"":""us-west-1"",""value"":21.923188004844285,""timestamp"":""2023-03-20T03:00:00.000Z""}"
ami-018d291ca9ffc002f,CPUUtilization,AWS/EC2,,CPUUtilization,5,us-west-1,,,Average,Percent,21.923188004844285,
ami-018d291ca9ffc002f,CPUUtilization,AWS/EC2,demo2,CPUUtilization,5,us-west-1,1679287247,,Average,Percent,22.60514845214554,"{""period"":5,""statistic"":""Average"",""logfile"":""cloudwatch"",""source"":""cloudwatch"",""serverHost"":""cloudwatch-us-west-1"",""unit"":""Percent"",""path1"":""CPUUtilization"",""metric"":""CPUUtilization"",""ImageId"":""ami-018d291ca9ffc002f"",""namespace"":""AWS\/EC2"",""region"":""us-west-1"",""value"":22.60514845214554,""timestamp"":""2023-03-20T03:05:00.000Z""}"
ami-018d291ca9ffc002f,CPUUtilization,AWS/EC2,,CPUUtilization,5,us-west-1,,,Average,Percent,22.60514845214554,
ami-018d291ca9ffc002f,CPUUtilization,AWS/EC2,demo2,CPUUtilization,5,us-west-1,1679286707,,Average,Percent,21.94499983573889,"{""period"":5,""statistic"":""Average"",""logfile"":""cloudwatch"",""source"":""cloudwatch"",""serverHost"":""cloudwatch-us-west-1"",""unit"":""Percent"",""path1"":""CPUUtilization"",""metric"":""CPUUtilization"",""ImageId"":""ami-018d291ca9ffc002f"",""namespace"":""AWS\/EC2"",""region"":""us-west-1"",""value"":21.94499983573889,""timestamp"":""2023-03-20T03:10:00.000Z""}"
ami-018d291ca9ffc002f,CPUUtilization,AWS/EC2,,CPUUtilization,5,us-west-1,,,Average,Percent,21.94499983573889,
ami-018d291ca9ffc002f,CPUUtilization,AWS/EC2,demo2,CPUUtilization,5,us-west-1,1679287607,,Average,Percent,22.28498459520734,"{""period"":5,""statistic"":""Average"",""logfile"":""cloudwatch"",""source"":""cloudwatch"",""serverHost"":""cloudwatch-us-west-1"",""unit"":""Percent"",""path1"":""CPUUtilization"",""metric"":""CPUUtilization"",""ImageId"":""ami-018d291ca9ffc002f"",""namespace"":""AWS\/EC2"",""region"":""us-west-1"",""value"":22.28498459520734,""timestamp"":""2023-03-20T03:15:00.000Z""}"
ami-018d291ca9ffc002f,CPUUtilization,AWS/EC2,,CPUUtilization,5,us-west-1,,,Average,Percent,22.28498459520734,
ami-018d291ca9ffc002f,CPUUtilization,AWS/EC2,demo2,CPUUtilization,5,us-west-1,1679288207,,Average,Percent,21.929918856852733,"{""period"":5,""statistic"":""Average"",""logfile"":""cloudwatch"",""source"":""cloudwatch"",""serverHost"":""cloudwatch-us-west-1"",""unit"":""Percent"",""path1"":""CPUUtilization"",""metric"":""CPUUtilization"",""ImageId"":""ami-018d291ca9ffc002f"",""namespace"":""AWS\/EC2"",""region"":""us-west-1"",""value"":21.929918856852733,""timestamp"":""2023-03-20T03:20:00.000Z""}"
ami-018d291ca9ffc002f,CPUUtilization,AWS/EC2,,CPUUtilization,5,us-west-1,,,Average,Percent,21.929918856852733,
ami-018d291ca9ffc002f,CPUUtilization,AWS/EC2,demo2,CPUUtilization,5,us-west-1,1679288447,,Average,Percent,22.181669752441202,"{""period"":5,""statistic"":""Average"",""logfile"":""cloudwatch"",""source"":""cloudwatch"",""serverHost"":""cloudwatch-us-west-1"",""unit"":""Percent"",""path1"":""CPUUtilization"",""metric"":""CPUUtilization"",""ImageId"":""ami-018d291ca9ffc002f"",""namespace"":""AWS\/EC2"",""region"":""us-west-1"",""value"":22.181669752441202,""timestamp"":""2023-03-20T03:25:00.000Z""}"
ami-018d291ca9ffc002f,CPUUtilization,AWS/EC2,,CPUUtilization,5,us-west-1,,,Average,Percent,22.181669752441202,
ami-018d291ca9ffc002f,CPUUtilization,AWS/EC2,demo2,CPUUtilization,5,us-west-1,1679288568,,Average,Percent,22.29509808071884,"{""period"":5,""statistic"":""Average"",""logfile"":""cloudwatch"",""source"":""cloudwatch"",""serverHost"":""cloudwatch-us-west-1"",""unit"":""Percent"",""path1"":""CPUUtilization"",""metric"":""CPUUtilization"",""ImageId"":""ami-018d291ca9ffc002f"",""namespace"":""AWS\/EC2"",""region"":""us-west-1"",""value"":22.29509808071884,""timestamp"":""2023-03-20T03:30:00.000Z""}"
ami-018d291ca9ffc002f,CPUUtilization,AWS/EC2,,CPUUtilization,5,us-west-1,,,Average,Percent,22.29509808071884,
ami-018d291ca9ffc002f,CPUUtilization,AWS/EC2,demo2,CPUUtilization,5,us-west-1,1679289467,,Average,Percent,22.27484448726658,"{""period"":5,""statistic"":""Average"",""logfile"":""cloudwatch"",""source"":""cloudwatch"",""serverHost"":""cloudwatch-us-west-1"",""unit"":""Percent"",""path1"":""CPUUtilization"",""metric"":""CPUUtilization"",""ImageId"":""ami-018d291ca9ffc002f"",""namespace"":""AWS\/EC2"",""region"":""us-west-1"",""value"":22.27484448726658,""timestamp"":""2023-03-20T03:35:00.000Z""}"
ami-018d291ca9ffc002f,CPUUtilization,AWS/EC2,,CPUUtilization,5,us-west-1,,,Average,Percent,22.27484448726658,
ami-018d291ca9ffc002f,CPUUtilization,AWS/EC2,demo2,CPUUtilization,5,us-west-1,1679289467,,Average,Percent,22.19340567029724,"{""period"":5,""statistic"":""Average"",""logfile"":""cloudwatch"",""source"":""cloudwatch"",""serverHost"":""cloudwatch-us-west-1"",""unit"":""Percent"",""path1"":""CPUUtilization"",""metric"":""CPUUtilization"",""ImageId"":""ami-018d291ca9ffc002f"",""namespace"":""AWS\/EC2"",""region"":""us-west-1"",""value"":22.19340567029724,""timestamp"":""2023-03-20T03:40:00.000Z""}"
ami-018d291ca9ffc002f,CPUUtilization,AWS/EC2,,CPUUtilization,5,us-west-1,,,Average,Percent,22.19340567029724,
ami-018d291ca9ffc002f,CPUUtilization,AWS/EC2,demo2,CPUUtilization,5,us-west-1,1679289587,,Average,Percent,22.20174558464863,"{""period"":5,""statistic"":""Average"",""logfile"":""cloudwatch"",""source"":""cloudwatch"",""serverHost"":""cloudwatch-us-west-1"",""unit"":""Percent"",""path1"":""CPUUtilization"",""metric"":""CPUUtilization"",""ImageId"":""ami-018d291ca9ffc002f"",""namespace"":""AWS\/EC2"",""region"":""us-west-1"",""value"":22.20174558464863,""timestamp"":""2023-03-20T03:45:00.000Z""}"
ami-018d291ca9ffc002f,CPUUtilization,AWS/EC2,,CPUUtilization,5,us-west-1,,,Average,Percent,22.20174558464863,
ami-018d291ca9ffc002f,CPUUtilization,AWS/EC2,demo2,CPUUtilization,5,us-west-1,1679290007,,Average,Percent,21.793333585710645,"{""period"":5,""statistic"":""Average"",""logfile"":""cloudwatch"",""source"":""cloudwatch"",""serverHost"":""cloudwatch-us-west-1"",""unit"":""Percent"",""path1"":""CPUUtilization"",""metric"":""CPUUtilization"",""ImageId"":""ami-018d291ca9ffc002f"",""namespace"":""AWS\/EC2"",""region"":""us-west-1"",""value"":21.793333585710645,""timestamp"":""2023-03-20T03:50:00.000Z""}"
ami-018d291ca9ffc002f,CPUUtilization,AWS/EC2,,CPUUtilization,5,us-west-1,,,Average,Percent,21.793333585710645,
ami-018d291ca9ffc002f,CPUUtilization,AWS/EC2,demo2,CPUUtilization,5,us-west-1,1679290907,,Average,Percent,22.331666666666667,"{""period"":5,""statistic"":""Average"",""logfile"":""cloudwatch"",""source"":""cloudwatch"",""serverHost"":""cloudwatch-us-west-1"",""unit"":""Percent"",""path1"":""CPUUtilization"",""metric"":""CPUUtilization"",""ImageId"":""ami-018d291ca9ffc002f"",""namespace"":""AWS\/EC2"",""region"":""us-west-1"",""value"":22.331666666666667,""timestamp"":""2023-03-20T03:55:00.000Z""}"
ami-018d291ca9ffc002f,CPUUtilization,AWS/EC2,,CPUUtilization,5,us-west-1,,,Average,Percent,22.331666666666667,
ami-018d291ca9ffc002f,CPUUtilization,AWS/EC2,demo2,CPUUtilization,5,us-west-1,1679290666,,Average,Percent,22.163321264549015,"{""period"":5,""statistic"":""Average"",""logfile"":""cloudwatch"",""source"":""cloudwatch"",""serverHost"":""cloudwatch-us-west-1"",""unit"":""Percent"",""path1"":""CPUUtilization"",""metric"":""CPUUtilization"",""ImageId"":""ami-018d291ca9ffc002f"",""namespace"":""AWS\/EC2"",""region"":""us-west-1"",""value"":22.163321264549015,""timestamp"":""2023-03-20T04:00:00.000Z""}"
ami-018d291ca9ffc002f,CPUUtilization,AWS/EC2,,CPUUtilization,5,us-west-1,,,Average,Percent,22.163321264549015,
ami-018d291ca9ffc002f,CPUUtilization,AWS/EC2,demo2,CPUUtilization,5,us-west-1,1679291208,,Average,Percent,21.98666421845695,"{""period"":5,""statistic"":""Average"",""logfile"":""cloudwatch"",""source"":""cloudwatch"",""serverHost"":""cloudwatch-us-west-1"",""unit"":""Percent"",""path1"":""CPUUtilization"",""metric"":""CPUUtilization"",""ImageId"":""ami-018d291ca9ffc002f"",""namespace"":""AWS\/EC2"",""region"":""us-west-1"",""value"":21.98666421845695,""timestamp"":""2023-03-20T04:05:00.000Z""}"
ami-018d291ca9ffc002f,CPUUtilization,AWS/EC2,,CPUUtilization,5,us-west-1,,,Average,Percent,21.98666421845695,
ami-018d291ca9ffc002f,CPUUtilization,AWS/EC2,demo2,CPUUtilization,5,us-west-1,1679292107,,Average,Percent,22.118329393846295,"{""period"":5,""statistic"":""Average"",""logfile"":""cloudwatch"",""source"":""cloudwatch"",""serverHost"":""cloudwatch-us-west-1"",""unit"":""Percent"",""path1"":""CPUUtilization"",""metric"":""CPUUtilization"",""ImageId"":""ami-018d291ca9ffc002f"",""namespace"":""AWS\/EC2"",""region"":""us-west-1"",""value"":22.118329393846295,""timestamp"":""2023-03-20T04:10:00.000Z""}"
ami-018d291ca9ffc002f,CPUUtilization,AWS/EC2,,CPUUtilization,5,us-west-1,,,Average,Percent,22.118329393846295,
ami-018d291ca9ffc002f,CPUUtilization,AWS/EC2,demo2,CPUUtilization,5,us-west-1,1679292106,,Average,Percent,22.351663113604626,"{""period"":5,""statistic"":""Average"",""logfile"":""cloudwatch"",""source"":""cloudwatch"",""serverHost"":""cloudwatch-us-west-1"",""unit"":""Percent"",""path1"":""CPUUtilization"",""metric"":""CPUUtilization"",""ImageId"":""ami-018d291ca9ffc002f"",""namespace"":""AWS\/EC2"",""region"":""us-west-1"",""value"":22.351663113604626,""timestamp"":""2023-03-20T04:15:00.000Z""}"
ami-018d291ca9ffc002f,CPUUtilization,AWS/EC2,,CPUUtilization,5,us-west-1,,,Average,Percent,22.351663113604626,
ami-018d291ca9ffc002f,CPUUtilization,AWS/EC2,,CPUUtilization,5,us-west-1,,,Average,Percent,22.130020549000644,
ami-018d291ca9ffc002f,CPUUtilization,AWS/EC2,,CPUUtilization,5,us-west-1,,,Average,Percent,22.128405505955698,
ami-018d291ca9ffc002f,CPUUtilization,AWS/EC2,,CPUUtilization,5,us-west-1,,,Average,Percent,21.80456220054098,
ami-018d291ca9ffc002f,CPUUtilization,AWS/EC2,,CPUUtilization,5,us-west-1,,,Average,Percent,22.178784896862414,
ami-018d291ca9ffc002f,CPUUtilization,AWS/EC2,,CPUUtilization,5,us-west-1,,,Average,Percent,22.276509702002144,
ami-018d291ca9ffc002f,CPUUtilization,AWS/EC2,,CPUUtilization,5,us-west-1,,,Average,Percent,21.9701448963122,
ami-018d291ca9ffc002f,CPUUtilization,AWS/EC2,,CPUUtilization,5,us-west-1,,,Average,Percent,21.75992725121248,
ami-018d291ca9ffc002f,CPUUtilization,AWS/EC2,,CPUUtilization,5,us-west-1,,,Average,Percent,21.965071862308815,
ami-018d291ca9ffc002f,CPUUtilization,AWS/EC2,,CPUUtilization,5,us-west-1,,,Average,Percent,22.123274995597697,
ami-018d291ca9ffc002f,CPUUtilization,AWS/EC2,,CPUUtilization,5,us-west-1,,,Average,Percent,22.081666666666667,
ami-018d291ca9ffc002f,CPUUtilization,AWS/EC2,,CPUUtilization,5,us-west-1,,,Average,Percent,22.135000057940736,
ami-018d291ca9ffc002f,CPUUtilization,AWS/EC2,,CPUUtilization,5,us-west-1,,,Average,Percent,22.32167130805324,
ami-018d291ca9ffc002f,CPUUtilization,AWS/EC2,,CPUUtilization,5,us-west-1,,,Average,Percent,21.94492627900646,
ami-018d291ca9ffc002f,CPUUtilization,AWS/EC2,,CPUUtilization,5,us-west-1,,,Average,Percent,22.134995304846655,
ami-018d291ca9ffc002f,CPUUtilization,AWS/EC2,,CPUUtilization,5,us-west-1,,,Average,Percent,21.788405056750946,
ami-018d291ca9ffc002f,CPUUtilization,AWS/EC2,,CPUUtilization,5,us-west-1,,,Average,Percent,22.220003088216206,
ami-018d291ca9ffc002f,CPUUtilization,AWS/EC2,,CPUUtilization,5,us-west-1,,,Average,Percent,22.101369971270408,